RK,Player,Ht,From,To,Tm,Lg,G#,GS,MP,FG,FGA,2P,2PA,3P,3PA,FT,FTA,ORB,DRB,TRB,AST,STL,BLK,TOV,PF,PTS,FG%,2P%,3P%,eFG%,FT%,TS%,Handed,COLOR
1,John Stockton\stockjo01,6-1,1985,2003,UTA,NBA,1504,1300,47764,7039,13658,6194,11455,845,2203,4788,5796,966,3085,4051,15806,3265,315,4244,3942,19711,.515,.541,.384,.546,.826,.608,R,50
2,Karl Malone\malonka01,6-9,1986,2004,TOT,NBA,1476,1471,54852,13528,26210,13443,25900,85,310,9787,13188,3562,11406,14968,5248,2085,1145,4524,4578,36928,.516,.519,.274,.518,.742,.577,R,50
3,Kevin Garnett\garneke01,6-11,1996,2016,TOT,NBA,1462,1425,50418,10505,21142,10331,20510,174,632,4887,6190,3209,11453,14662,5445,1859,2037,3179,3561,26071,.497,.504,.275,.501,.789,.546,R,50
4,Kevin Willis\willike02,7-0,1985,2007,TOT,NBA,1424,891,38362,7095,14572,7055,14382,40,190,3023,4238,4132,7769,11901,1328,958,750,2520,4172,17253,.487,.491,.211,.488,.713,.525,R,50
5,Tim Duncan\duncati01,6-11,1998,2016,SAS,NBA,1392,1389,47368,10285,20334,10255,20166,30,168,5896,8468,3859,11232,15091,4225,1025,3020,3381,3304,26496,.506,.509,.179,.507,.696,.551,R,50
6,Jason Kidd\kiddja01,6-4,1995,2013,TOT,NBA,1391,1350,50111,6219,15557,4231,9856,1988,5701,3103,3954,1768,6957,8725,12091,2684,450,4003,2572,17529,.400,.429,.349,.464,.785,.507,R,50
7,Reggie Miller\millere01,6-7,1988,2005,IND,NBA,1389,1304,47619,8241,17499,5681,11013,2560,6486,6237,7026,883,3299,4182,4141,1505,299,2409,2730,25279,.471,.516,.395,.544,.888,.614,R,50
8,Clifford Robinson\robincl02,6-10,1990,2007,TOT,NBA,1380,844,42561,7389,16875,6136,13360,1253,3515,3560,5165,1852,4454,6306,3094,1402,1390,2502,4175,19591,.438,.459,.356,.475,.689,.512,R,50
9,Dirk Nowitzki\nowitdi01,7-0,1999,2017,DAL,NBA,1366,1335,47915,10517,22229,8777,17667,1740,4562,7057,8028,1431,9261,10692,3453,1142,1200,2397,3318,29831,.473,.497,.381,.512,.879,.579,R,50
10,Kobe Bryant\bryanko01,6-6,1997,2016,LAL,NBA,1346,1198,48637,11719,26200,9892,20654,1827,5546,8378,10011,1499,5548,7047,6306,1944,640,4010,3353,33643,.447,.479,.329,.482,.837,.550,R,50
11,Gary Payton\paytoga01,6-4,1991,2007,TOT,NBA,1335,1233,47117,8708,18698,7576,15128,1132,3570,3265,4480,1392,3877,5269,8966,2445,285,3030,3217,21813,.466,.501,.317,.496,.729,.528,R,50
12,Paul Pierce\piercpa01,6-7,1999,2017,TOT,NBA,1331,1285,45756,8655,19436,6517,13636,2138,5800,6916,8575,1091,6406,7497,4700,1751,743,3524,3628,26364,.445,.478,.369,.500,.807,.568,R,50
13,Jason Terry\terryja01,6-2,2000,2017,TOT,NBA,1330,675,40626,6804,15324,4596,9502,2208,5822,2752,3256,491,2683,3174,5322,1541,255,2374,2483,18568,.444,.484,.379,.516,.845,.554,R,50
14,Vince Carter\cartevi01,6-6,1999,2017,TOT,NBA,1321,954,42475,8810,20120,6804,14739,2006,5381,4726,5917,1579,4487,6066,4463,1399,799,2449,3612,24352,.438,.462,.373,.488,.799,.536,R,50
15,Buck Williams\willibu01,6-8,1982,1998,TOT,NBA,1307,1140,42464,6404,11661,6399,11631,5,30,3971,5979,4526,8491,13017,1646,1080,1100,2784,4267,16784,.549,.550,.167,.549,.664,.587,R,50
16,Andre Miller\millean02,6-3,2000,2016,TOT,NBA,1304,939,40268,6035,13104,5842,12216,193,888,4015,4975,1373,3422,4795,8524,1546,227,3121,2882,16278,.461,.478,.217,.468,.807,.532,R,50
17,Robert Parish\parisro01,7-0,1981,1997,TOT,NBA,1304,1134,37821,7832,14314,7832,14309,0,5,3421,4694,3674,8119,11793,1774,927,1812,2524,3377,19085,.547,.547,.000,.547,.729,.583,R,50
18,Ray Allen\allenra02,6-5,1997,2014,TOT,NBA,1300,1149,46344,8567,18955,5594,11526,2973,7429,4398,4920,1230,4042,5272,4361,1451,244,2709,2858,24505,.452,.485,.400,.530,.894,.580,R,50
19,Mark Jackson\jacksma01,6-1,1988,2004,TOT,NBA,1296,1092,39121,4793,10731,4059,8518,734,2213,2169,2818,1281,3682,4963,10334,1608,117,3155,2230,12489,.447,.477,.332,.481,.770,.522,R,50
20,Charles Oakley\oaklech01,6-8,1986,2004,TOT,NBA,1282,1159,40280,4835,10263,4767,9994,68,269,2679,3522,3924,8281,12205,3217,1351,384,2785,4421,12417,.471,.477,.253,.474,.761,.526,R,50
21,A.C. Green\greenac01,6-9,1986,2001,TOT,NBA,1278,832,36552,4544,9202,4420,8713,124,489,3119,4250,3354,6119,9473,1400,1033,546,1434,2436,12331,.494,.507,.254,.501,.734,.557,R,50
22,Terry Porter\portete01,6-3,1986,2002,TOT,NBA,1274,732,35354,5428,11734,4131,8374,1297,3360,3433,4107,715,3157,3872,7160,1583,181,2666,2203,15586,.463,.493,.386,.518,.836,.576,R,50
23,Otis Thorpe\thorpot01,6-9,1985,2001,TOT,NBA,1257,989,39822,6872,12593,6869,12529,3,64,3853,5612,3446,6924,10370,2730,840,501,2774,4146,17600,.546,.548,.047,.546,.687,.584,R,50
24,Hakeem Olajuwon\olajuha01,7-0,1985,2002,TOT,NBA,1238,1186,44222,10749,20991,10724,20867,25,124,5423,7621,4034,9714,13748,3058,2162,3830,3667,4383,26946,.512,.514,.202,.513,.712,.553,R,50
25,Steve Nash\nashst01,6-3,1997,2014,TOT,NBA,1217,1053,38069,6321,12892,4636,8953,1685,3939,3060,3384,643,2999,3642,10335,899,102,3478,1982,17387,.490,.518,.428,.556,.904,.605,R,50
26,Dale Ellis\ellisda01,6-7,1984,2000,TOT,NBA,1209,589,34778,7323,15275,5604,11009,1719,4266,2639,3365,1533,2668,4201,1746,974,183,1771,2480,19004,.479,.509,.403,.536,.784,.567,R,50
27,Juwan Howard\howarju01,6-9,1995,2013,TOT,NBA,1208,900,36654,6543,13950,6537,13900,6,50,3067,4014,2348,5080,7428,2663,818,312,2469,3493,16159,.469,.470,.120,.469,.764,.514,R,50
28,Shaquille O'Neal\onealsh01,7-1,1993,2011,TOT,NBA,1207,1197,41918,11330,19457,11329,19435,1,22,5935,11252,4209,8890,13099,3026,739,2732,3310,4146,28596,.582,.583,.045,.582,.527,.586,R,50
29,Derek Harper\harpede01,6-4,1984,1999,TOT,NBA,1199,883,37786,6191,13384,5121,10358,1070,3026,2554,3426,696,2188,2884,6577,1957,304,2334,2755,16006,.463,.494,.354,.503,.745,.537,R,50
30,Eddie Johnson\johnsed03,6-7,1982,1999,TOT,NBA,1199,479,32604,7727,16361,7165,14682,562,1679,3186,3792,1786,3046,4832,2550,739,180,2076,2962,19202,.472,.488,.335,.489,.840,.533,R,50
31,Dikembe Mutombo\mutomdi01,7-2,1992,2009,TOT,NBA,1196,997,36791,4169,8045,4169,8043,0,2,3391,4960,3808,8551,12359,1240,494,3289,2173,3383,11729,.518,.518,.000,.518,.684,.573,R,50
32,Joe Johnson\johnsjo02,6-7,2002,2017,TOT,NBA,1195,1081,42350,7576,17123,5679,12037,1897,5086,2717,3391,1042,3759,4801,4861,1034,245,2375,2150,19766,.442,.472,.373,.498,.801,.531,R,50
33,Terry Cummings\cummite01,6-9,1983,2000,TOT,NBA,1183,815,33898,8045,16628,8001,16479,44,149,3326,4711,3183,5447,8630,2190,1255,650,2200,3836,19460,.484,.486,.295,.485,.706,.520,R,50
34,Patrick Ewing\ewingpa01,7-0,1986,2002,TOT,NBA,1183,1122,40594,9702,19241,9683,19116,19,125,5392,7289,2752,8855,11607,2215,1136,2894,3537,4034,24815,.504,.507,.152,.505,.740,.553,R,50
35,Scottie Pippen\pippesc01,6-8,1988,2004,TOT,NBA,1178,1053,41069,7420,15700,6442,12698,978,3002,3122,4437,2068,5426,7494,6135,2307,947,3257,3329,18940,.473,.507,.326,.504,.704,.536,R,50
36,Horace Grant\grantho01,6-10,1988,2004,TOT,NBA,1165,1037,38621,5439,10695,5435,10632,4,63,2114,3053,3467,5976,9443,2575,1143,1136,1303,2832,12996,.509,.511,.063,.509,.692,.540,R,50
37,Shawn Marion\mariosh01,6-7,2000,2015,TOT,NBA,1163,1062,40097,7289,15056,6498,12666,791,2390,2331,2877,2732,7369,10101,2198,1759,1233,1750,2535,17700,.484,.513,.331,.510,.810,.542,R,50
38,Johnny Newman\newmajo01,6-7,1987,2002,TOT,NBA,1159,512,28435,4456,9671,3856,7885,600,1786,3228,3984,950,1586,2536,1688,1064,246,1656,3199,12740,.461,.489,.336,.492,.810,.558,R,50
39,Jamal Crawford\crawfja01,6-5,2001,2017,TOT,NBA,1153,433,35395,6149,15008,4145,9259,2004,5749,3430,3982,433,2293,2726,4065,1082,249,2244,1808,17732,.410,.448,.349,.476,.861,.529,R,50
40,Jerome Kersey\kerseje01,6-7,1985,2001,TOT,NBA,1153,571,28115,4723,10166,4665,9878,58,288,2321,3364,2330,4009,6339,2134,1439,799,1583,3455,11825,.465,.472,.201,.467,.690,.508,R,50
41,Danny Schayes\schayda01,6-11,1982,1999,TOT,NBA,1138,427,21975,2994,6228,2990,6198,4,30,2788,3461,1819,3852,5671,1299,560,840,1572,3494,8780,.481,.482,.133,.481,.806,.566,R,50
42,Detlef Schrempf\schrede01,6-9,1986,2001,TOT,NBA,1136,524,33597,5400,10995,4925,9759,475,1236,4486,5585,1871,5152,7023,3833,856,312,2268,3360,15761,.491,.505,.384,.513,.803,.586,R,50
43,Vlade Divac\divacvl01,7-1,1990,2005,TOT,NBA,1134,979,33838,5205,10510,5105,10084,100,426,2888,4176,2881,6445,9326,3541,1288,1631,2470,3609,13398,.495,.506,.235,.500,.692,.543,R,50
44,Richard Jefferson\jefferi01,6-7,2002,2017,TOT,NBA,1132,802,33515,5077,10950,4064,8258,1013,2692,3526,4588,906,3713,4619,2365,773,342,1744,2567,14693,.464,.492,.376,.510,.769,.566,R,50
45,Tony Parker\parketo01,6-2,2002,2017,SAS,NBA,1119,1106,35624,7305,14790,6816,13304,489,1486,3223,4276,420,2762,3182,6529,988,90,2687,1925,18322,.494,.512,.329,.510,.754,.550,R,50
46,Rick Mahorn\mahorri01,6-10,1981,1999,TOT,NBA,1117,613,25779,3098,6286,3093,6248,5,38,1562,2218,1814,5143,6957,1082,633,1007,1456,3499,7763,.493,.495,.132,.493,.704,.535,R,50
47,Kurt Thomas\thomaku01,6-9,1996,2013,TOT,NBA,1110,650,27160,3836,7894,3827,7862,9,32,1292,1701,1922,5406,7328,1204,724,841,1241,3579,8973,.486,.487,.281,.487,.760,.519,R,50
48,Rasheed Wallace\wallara01,6-10,1996,2013,TOT,NBA,1109,956,36243,6320,13529,5234,10301,1086,3228,2280,3162,1578,5826,7404,1994,1090,1460,1693,3259,16006,.467,.508,.336,.507,.721,.536,R,50
49,Tom Chambers\chambto01,6-10,1982,1998,TOT,NBA,1107,743,33922,7378,15749,7151,15009,227,740,5066,6274,1942,4761,6703,2283,885,627,2549,3742,20049,.468,.476,.307,.476,.807,.542,R,50
50,Robert Horry\horryro01,6-9,1993,2008,TOT,NBA,1107,480,27069,2820,6643,2025,4314,795,2329,1280,1762,1644,3625,5269,2343,1158,1035,1378,2680,7715,.425,.469,.341,.484,.726,.520,R,50
51,Michael Finley\finlemi01,6-7,1996,2010,TOT,NBA,1103,875,37996,6696,15095,5242,11215,1454,3880,2460,3032,1121,3683,4804,3245,996,323,1629,1812,17306,.444,.467,.375,.492,.811,.527,R,50
52,Herb Williams\willihe01,6-10,1982,1999,TOT,NBA,1102,607,28484,5037,10781,5029,10697,8,84,1862,2675,1624,4885,6509,1856,605,1605,1929,2876,11944,.467,.470,.095,.468,.696,.499,R,50
53,Dale Davis\davisda01,6-11,1992,2007,TOT,NBA,1094,863,29606,3592,6779,3592,6771,0,8,1522,2708,3303,5302,8605,978,691,1270,1090,2878,8706,.530,.530,.000,.530,.562,.546,R,50
54,Pau Gasol\gasolpa01,7-0,2002,2017,TOT,NBA,1094,1081,38231,7534,14769,7440,14477,94,292,4504,5979,2886,7471,10357,3591,569,1822,2482,2438,19666,.510,.514,.322,.513,.753,.565,R,50
55,Rod Strickland\stricro02,6-3,1989,2005,TOT,NBA,1094,740,33634,5418,11928,5223,11237,195,691,3432,4759,1172,2912,4084,7987,1616,215,2862,2048,14463,.454,.465,.282,.462,.721,.516,R,50
56,Mark West\westma01,6-10,1984,2000,TOT,NBA,1090,548,20213,2528,4356,2528,4352,0,4,1203,2117,1785,3562,5347,428,326,1403,1208,3136,6259,.580,.581,.000,.580,.568,.592,R,50
57,P.J. Brown\brownpj01,6-11,1994,2008,TOT,NBA,1089,990,33823,3852,8365,3844,8306,8,59,2158,2718,3002,5407,8409,1661,912,1116,1342,3218,9870,.460,.463,.136,.461,.794,.516,R,50
58,Ben Wallace\wallabe01,6-9,1997,2012,TOT,NBA,1088,912,32085,2569,5421,2562,5370,7,51,1109,2679,3444,7038,10482,1437,1369,2137,1061,2078,6254,.474,.477,.137,.475,.414,.474,R,50
59,Clyde Drexler\drexlcl01,6-7,1984,1998,TOT,NBA,1086,950,37537,8335,17673,7508,15070,827,2603,4698,5962,2615,4062,6677,6125,2207,719,2977,3285,22195,.472,.498,.318,.495,.788,.547,R,50
60,Dell Curry\curryde01,6-4,1987,2002,TOT,NBA,1083,99,23549,5090,11146,3845,8048,1245,3098,1245,1476,599,2018,2617,1909,985,238,1299,1795,12670,.457,.478,.402,.513,.843,.537,R,50
61,Antawn Jamison\jamisan01,6-8,1999,2014,TOT,NBA,1083,864,37638,7679,17024,6516,13659,1163,3365,3521,4860,2557,5600,8157,1761,1048,421,1714,2580,20042,.451,.477,.346,.485,.724,.523,R,50
62,Jeff Hornacek\hornaje01,6-3,1987,2000,TOT,NBA,1077,910,33964,5929,11957,5101,9902,828,2055,2973,3390,919,2727,3646,5281,1536,226,1971,2364,15659,.496,.515,.403,.530,.877,.582,R,50
63,Dominique Wilkins\wilkido01,6-7,1983,1999,TOT,NBA,1074,995,38113,9963,21589,9252,19358,711,2231,6031,7438,2950,4219,7169,2677,1378,642,2669,2061,26668,.461,.478,.319,.478,.811,.536,R,50
64,Charles Barkley\barklch01,6-6,1985,2000,TOT,NBA,1073,1012,39330,8435,15605,7897,13585,538,2020,6349,8643,4260,8286,12546,4215,1648,888,3376,3287,23757,.541,.581,.266,.558,.735,.612,R,50
65,Byron Scott\scottby01,6-3,1984,1997,TOT,NBA,1073,717,30152,5918,12268,5143,10175,775,2093,2486,2985,677,2310,2987,2729,1224,276,1597,2051,15097,.482,.505,.370,.514,.833,.556,R,50
66,Michael Jordan\jordami01,6-6,1985,2003,TOT,NBA,1072,1039,41011,12192,24537,11611,22759,581,1778,7327,8772,1668,5004,6672,5633,2514,893,2924,2783,32292,.497,.510,.327,.509,.835,.569,R,50
67,Bill Laimbeer\laimbbi01,6-11,1981,1994,TOT,NBA,1068,861,33956,5574,11198,5372,10579,202,619,2440,2916,2819,7581,10400,2184,710,965,1594,3633,13790,.498,.508,.326,.507,.837,.552,R,50
68,Tyrone Corbin\corbity01,6-6,1986,2001,TOT,NBA,1065,458,27657,3918,8584,3720,7921,198,663,1732,2191,1726,3320,5046,1894,1228,270,1310,2627,9766,.456,.470,.299,.468,.791,.511,R,50
69,Elton Brand\brandel01,6-8,2000,2016,TOT,NBA,1058,868,34910,6599,13185,6597,13164,2,21,3627,4929,3304,5736,9040,2184,940,1828,2060,3115,16827,.500,.501,.095,.501,.736,.548,R,50
70,Olden Polynice\polynol01,6-11,1988,2004,TOT,NBA,1058,658,24884,3557,7037,3552,7011,5,26,1146,2141,2730,4380,7110,744,516,651,1170,2835,8265,.505,.507,.192,.506,.535,.518,R,50
71,Shawn Kemp\kempsh01,6-10,1990,2003,TOT,NBA,1051,728,29293,5505,11278,5472,11159,33,119,4304,5805,3026,5808,8834,1704,1185,1279,2766,3826,15347,.488,.490,.277,.490,.741,.555,R,50
72,Rashard Lewis\lewisra02,6-10,1999,2014,TOT,NBA,1049,842,33541,5644,12479,3857,7854,1787,4625,2504,3111,1418,4015,5433,1765,1115,541,1577,2430,15579,.452,.491,.386,.524,.805,.563,R,50
73,Elden Campbell\campbel01,6-11,1991,2005,TOT,NBA,1044,671,25776,4062,8835,4060,8798,2,37,2679,3832,1880,4236,6116,1199,702,1602,1367,3006,10805,.460,.461,.054,.460,.699,.513,R,50
74,Chauncey Billups\billuch01,6-3,1998,2014,TOT,NBA,1043,937,33008,4738,11413,2908,6688,1830,4725,4496,5029,480,2512,2992,5636,1051,168,2138,2169,15802,.415,.435,.387,.495,.894,.580,R,50
75,Danny Ainge\aingeda01,6-4,1982,1995,TOT,NBA,1042,508,27755,4643,9905,3641,7254,1002,2651,1676,1980,695,2073,2768,4199,1133,132,1566,2549,11964,.469,.502,.378,.519,.846,.555,R,50
76,Boris Diaw\diawbo01,6-8,2004,2017,TOT,NBA,1035,552,28298,3750,7588,3280,6200,470,1388,1043,1453,1236,3328,4564,3613,642,503,1868,2242,9013,.494,.529,.339,.525,.718,.548,R,50
77,LeBron James\jamesle01,6-8,2004,2017,TOT,NBA,1035,1034,40284,10149,20327,8723,16153,1426,4174,6353,8564,1252,6194,7446,7236,1726,800,3519,1926,28077,.499,.540,.342,.534,.742,.583,R,50
78,Tyson Chandler\chandty01,7-1,2002,2017,TOT,NBA,1030,826,29311,3355,5648,3355,5638,0,10,2274,3517,3277,6377,9654,867,585,1275,1548,3015,8984,.594,.595,.000,.594,.647,.624,R,50
79,Joe Smith\smithjo02,6-10,1996,2011,TOT,NBA,1030,619,27022,4325,9512,4295,9386,30,126,2528,3200,2456,4119,6575,1010,606,868,1290,2974,11208,.455,.458,.238,.456,.790,.513,R,50
80,Grant Hill\hillgr01,6-8,1995,2013,TOT,NBA,1026,972,34776,6345,13126,6126,12429,219,697,4228,5498,1176,4993,6169,4252,1248,576,2459,2377,17137,.483,.493,.314,.492,.769,.551,R,50
81,Moses Malone\malonmo01,6-10,1981,1995,TOT,NBA,1024,784,33928,7139,14713,7131,14639,8,74,6746,8613,4754,6866,11620,1382,815,1250,2958,2189,21032,.485,.487,.108,.485,.783,.568,R,50
82,Mike Miller\millemi01,6-8,2001,2017,TOT,NBA,1023,570,27717,4011,8734,2425,4836,1586,3898,1351,1757,632,3721,4353,2652,571,229,1555,2036,10959,.459,.501,.407,.550,.769,.576,R,50
83,Joe Dumars\dumarjo01,6-3,1986,1999,DET,NBA,1018,944,35139,5994,13026,5004,10434,990,2592,3423,4059,671,1532,2203,4612,902,83,2084,1826,16401,.460,.480,.382,.498,.843,.554,R,50
84,Antonio McDyess\mcdyean01,6-9,1996,2011,TOT,NBA,1015,645,28053,5046,10161,5039,10101,7,60,2128,3178,2478,5160,7638,1300,782,1102,1623,3077,12227,.497,.499,.117,.497,.670,.529,R,50
85,Kyle Korver\korveky01,6-7,2004,2017,TOT,NBA,1011,417,26834,3479,7864,1487,3227,1992,4637,1131,1286,312,2829,3141,1854,714,346,1112,2171,10081,.442,.461,.430,.569,.879,.598,R,50
86,Jermaine O'Neal\onealje01,6-11,1997,2014,TOT,NBA,1011,697,27364,5144,11025,5130,10930,14,95,3007,4208,1991,5270,7261,1369,470,1820,1872,2896,13309,.467,.469,.147,.467,.715,.517,R,50
87,Ron Harper\harpero01,6-6,1987,2001,TOT,NBA,1009,967,31199,5326,11946,4803,10135,523,1811,2735,3799,1322,2987,4309,3916,1716,729,2251,2324,13910,.446,.474,.289,.468,.720,.511,R,50
88,Nazr Mohammed\mohamna01,6-10,1999,2016,TOT,NBA,1005,354,15891,2402,4939,2402,4931,0,8,1023,1599,1808,2900,4708,375,432,639,919,2156,5827,.486,.487,.000,.486,.640,.516,R,50
89,Grant Long\longgr01,6-8,1989,2003,TOT,NBA,1003,673,28514,3472,7440,3389,7147,83,293,2491,3272,2168,3986,6154,1716,1199,366,1628,2957,9518,.467,.474,.283,.472,.761,.536,R,50
90,Mike Bibby\bibbymi01,6-1,1999,2012,TOT,NBA,1001,950,33962,5410,12412,3893,8413,1517,3999,2361,2943,529,2574,3103,5517,1172,149,2134,1931,14698,.436,.463,.379,.497,.802,.536,R,50
91,Glen Rice\ricegl01,6-7,1990,2004,TOT,NBA,1000,876,34985,6776,14867,5217,10971,1559,3896,3225,3813,946,3441,4387,2097,958,265,1733,2361,18336,.456,.476,.400,.508,.846,.554,R,50
92,Hedo Turkoglu\turkohe01,6-10,2001,2015,TOT,NBA,997,571,26695,3851,9034,2605,5788,1246,3246,2074,2645,647,3324,3971,2832,750,299,1578,2403,11022,.426,.450,.384,.495,.784,.540,R,50
93,Sam Mitchell\mitchsa01,6-6,1990,2002,TOT,NBA,994,322,22257,3220,7206,3155,6914,65,292,2131,2719,1251,2460,3711,1089,548,301,838,2509,8636,.447,.456,.223,.451,.784,.514,R,50
94,Sam Cassell\cassesa01,6-3,1994,2008,TOT,NBA,993,690,29812,5698,12558,5026,10529,672,2029,3567,4144,618,2603,3221,5939,1058,163,2418,2744,15635,.454,.477,.331,.480,.861,.544,R,50
95,Antoine Carr\carran01,6-9,1985,2000,TOT,NBA,987,168,19780,3663,7286,3657,7240,6,46,1844,2364,1151,2233,3384,1086,361,925,1187,3063,9176,.503,.505,.130,.503,.780,.551,R,50
96,Erick Dampier\dampier01,6-11,1997,2012,TOT,NBA,987,771,24003,2784,5595,2782,5579,2,16,1739,2779,2723,4282,7005,817,330,1398,1435,2869,7309,.498,.499,.125,.498,.626,.536,R,50
97,LaSalle Thompson\thompla01,6-10,1983,1997,TOT,NBA,985,516,21238,3136,6376,3132,6350,4,26,1530,2075,2123,4566,6689,1139,741,972,1646,3143,7806,.492,.493,.154,.492,.737,.535,R,50
99,Hersey Hawkins\hawkihe01,6-3,1989,2001,TOT,NBA,983,896,32034,4889,10612,3663,7504,1226,3108,3466,3985,825,2729,3554,2860,1622,302,1828,2043,14470,.461,.488,.394,.518,.870,.585,R,50
100,Al Harrington\harrial01,6-9,1999,2014,TOT,NBA,981,445,28009,5028,11318,4051,8540,977,2778,2204,3030,1495,3987,5482,1649,858,246,1838,3069,13237,.444,.474,.352,.487,.727,.523,R,50
101,Rolando Blackman\blackro01,6-6,1982,1994,TOT,NBA,980,815,32087,6887,13969,6658,13302,229,667,3620,4309,1047,2231,3278,2981,715,274,1829,1634,17623,.493,.501,.343,.501,.840,.555,R,50
102,Isiah Thomas\thomais01,6-1,1982,1994,DET,NBA,979,971,35516,7194,15904,6796,14531,398,1373,4036,5316,951,2527,3478,9061,1861,249,3682,2971,18822,.452,.468,.290,.465,.759,.516,R,50
103,Shane Battier\battish01,6-8,2002,2014,TOT,NBA,977,705,30004,2982,6819,1732,3565,1250,3254,1194,1606,1273,2809,4082,1717,988,906,878,2208,8408,.437,.486,.384,.529,.743,.559,R,50
104,Mitch Richmond\richmmi01,6-5,1989,2002,TOT,NBA,976,902,34309,7305,16038,5979,12621,1326,3417,4561,5365,881,2920,3801,3398,1211,254,2579,2503,20497,.455,.474,.388,.497,.850,.557,R,50
105,Marcus Camby\cambyma01,6-11,1997,2013,TOT,NBA,973,786,28684,3767,8077,3749,7989,18,88,1710,2551,2611,6902,9513,1837,967,2331,1362,2687,9262,.466,.469,.205,.468,.670,.503,R,50
106,Mike Dunleavy\dunlemi02,6-9,2003,2017,TOT,NBA,971,585,27122,3910,8867,2621,5441,1289,3426,1861,2318,692,3489,4181,2172,715,321,1365,1972,10970,.441,.482,.376,.514,.803,.555,R,50
107,Kevin McHale\mchalke01,6-10,1981,1993,BOS,NBA,971,400,30118,6830,12334,6789,12177,41,157,3634,4554,2358,4764,7122,1670,344,1690,1893,2758,17335,.554,.558,.261,.555,.798,.605,R,50
108,Jerry Stackhouse\stackje01,6-6,1996,2013,TOT,NBA,970,564,30222,5386,13182,4398,9980,988,3202,4649,5659,926,2141,3067,3240,869,437,2641,1810,16409,.409,.441,.309,.446,.822,.524,R,50
109,Ricky Pierce\piercri01,6-4,1983,1998,TOT,NBA,969,269,23665,5391,10925,5095,10005,296,920,3389,3871,864,1432,2296,1826,768,147,1453,2213,14467,.493,.509,.322,.507,.875,.573,R,50
110,Kendall Gill\gillke01,6-5,1991,2005,TOT,NBA,966,791,29481,5068,11672,4753,10621,315,1051,2463,3267,1274,2728,4002,2945,1519,432,1734,2515,12914,.434,.448,.300,.448,.754,.493,R,50
111,Joe Kleine\kleinjo01,6-11,1986,2000,TOT,NBA,965,204,14712,1902,4201,1889,4153,13,48,849,1069,1268,2723,3991,622,261,285,777,1988,4666,.453,.455,.271,.454,.794,.499,R,50
112,Sleepy Floyd\floydsl01,6-3,1983,1995,TOT,NBA,957,584,26383,4448,10015,3930,8416,518,1599,2846,3493,626,1868,2494,5175,1120,215,2251,1972,12260,.444,.467,.324,.470,.815,.531,R,50
113,Donyell Marshall\marshdo01,6-9,1995,2009,TOT,NBA,957,422,25027,4096,9410,3194,6832,902,2578,1622,2219,1898,4478,6376,1305,790,848,1292,2173,10716,.435,.468,.350,.483,.731,.516,R,50
114,Carmelo Anthony\anthoca01,6-8,2004,2017,TOT,NBA,955,955,34589,8455,18693,7328,15429,1127,3264,5680,6990,1726,4588,6314,2998,1015,461,2676,2778,23717,.452,.475,.345,.482,.813,.545,R,50
115,Dan Majerle\majerda01,6-6,1989,2002,TOT,NBA,955,454,30206,3950,9171,2590,5373,1360,3798,1665,2246,1125,3140,4265,2755,1194,360,1116,1927,10925,.431,.482,.358,.505,.741,.538,R,50
116,Eddie Jones\jonesed02,6-6,1995,2008,TOT,NBA,954,902,32778,4932,11286,3386,7139,1546,4147,2745,3394,761,3096,3857,2812,1620,580,1507,2483,14155,.437,.474,.373,.505,.809,.554,R,50
117,Alton Lister\listeal01,7-0,1982,1998,TOT,NBA,953,582,18965,2514,4907,2513,4898,1,9,1269,2126,1844,4152,5996,914,351,1473,1450,3179,6298,.512,.513,.111,.512,.597,.539,R,50
118,Sedale Threatt\threase01,6-2,1984,1997,TOT,NBA,951,304,22436,3914,8075,3726,7433,188,642,1311,1608,371,1338,1709,3613,1138,136,1296,2178,9327,.485,.501,.293,.496,.815,.531,R,50
119,Andre Iguodala\iguodan01,6-6,2005,2017,TOT,NBA,950,759,33120,4440,9601,3557,6964,883,2637,2644,3702,925,4100,5025,4305,1518,441,1968,1781,12407,.462,.511,.335,.508,.714,.552,R,50
120,David Wesley\wesleda01,6-0,1994,2007,TOT,NBA,949,796,30272,4248,10023,3125,6972,1123,3051,2223,2827,526,1879,2405,4159,1280,161,1808,2310,11842,.424,.448,.368,.480,.786,.526,R,50
121,Vinnie Johnson\johnsvi01,6-2,1981,1992,TOT,NBA,946,187,23983,4837,10400,4754,10074,83,326,1947,2634,1432,1622,3054,3158,833,249,1527,2023,11704,.465,.472,.255,.469,.739,.506,R,50
122,Chuck Person\persoch01,6-8,1987,2000,TOT,NBA,943,622,28941,5576,12176,4356,8806,1220,3370,1486,2056,1162,3601,4763,2645,683,197,1952,2565,13858,.458,.495,.362,.508,.723,.530,R,50
123,Brian Shaw\shawbr01,6-6,1989,2003,TOT,NBA,943,361,21666,2589,6419,2158,5003,431,1416,938,1199,773,2410,3183,3918,747,252,1664,1949,6547,.403,.431,.304,.437,.782,.471,R,50
124,Steve Smith\smithst01,6-7,1992,2005,TOT,NBA,942,717,28855,4609,10485,3461,7277,1148,3208,3064,3625,1112,1948,3060,2922,726,275,1714,2278,13430,.440,.476,.358,.494,.845,.556,R,50
125,Maurice Cheeks\cheekma01,6-1,1981,1993,TOT,NBA,940,736,29813,4257,8141,4209,7946,48,195,2050,2567,575,1985,2560,6405,1953,250,1859,1863,10612,.523,.530,.246,.526,.799,.572,R,50
126,Mike Gminski\gminsmi01,6-11,1981,1994,TOT,NBA,938,547,24058,4208,9047,4202,8998,6,49,2531,3002,2082,4398,6480,1203,507,989,1368,1574,10953,.465,.467,.122,.465,.843,.528,R,50
127,Tracy McGrady\mcgratr01,6-8,1998,2012,TOT,NBA,938,703,30658,6709,15413,5628,12215,1081,3198,3882,5202,1300,3976,5276,4161,1136,807,2029,1661,18381,.435,.461,.338,.470,.746,.519,R,50
128,Lindsey Hunter\hunteli01,6-2,1994,2010,TOT,NBA,937,438,23253,2970,7663,1895,4679,1075,2984,941,1261,438,1583,2021,2506,1120,165,1159,1857,7956,.388,.405,.360,.458,.746,.484,R,50
129,Derrick McKey\mckeyde01,6-9,1988,2002,TOT,NBA,937,639,27229,3908,8048,3705,7406,203,642,2247,2885,1515,2872,4387,2254,1072,611,1713,2700,10266,.486,.500,.316,.498,.779,.551,R,50
130,Zaza Pachulia\pachuza01,6-11,2004,2017,TOT,NBA,935,430,19948,2306,4977,2306,4953,0,24,1996,2672,2128,3456,5584,1189,682,329,1284,2403,6608,.463,.466,.000,.463,.747,.537,R,50
131,David West\westda01,6-9,2004,2017,TOT,NBA,935,742,27775,5425,11023,5372,10820,53,203,2494,3048,1699,4564,6263,2071,703,746,1544,2243,13397,.492,.496,.261,.495,.818,.542,R,50
132,Rick Fox\foxri01,6-7,1992,2004,TOT,NBA,930,587,23723,3382,7519,2611,5311,771,2208,1431,1858,996,2521,3517,2649,967,355,1611,2739,8966,.450,.492,.349,.501,.770,.538,R,50
133,Armen Gilliam\gilliar01,6-9,1988,2000,TOT,NBA,929,527,26421,4838,9895,4838,9878,0,17,3024,3896,2117,4284,6401,1088,676,607,1722,2009,12700,.489,.490,.000,.489,.776,.547,R,50
134,Thurl Bailey\baileth01,6-11,1984,1999,TOT,NBA,928,229,24873,4753,10056,4749,10021,4,35,2324,2863,1304,3414,4718,1298,435,1086,1444,1843,11834,.473,.474,.114,.473,.812,.523,R,50
135,Dwight Howard\howardw01,6-11,2005,2017,TOT,NBA,928,927,32502,5857,10023,5852,9969,5,54,4586,8084,3303,8466,11769,1384,909,1882,2766,3027,16305,.584,.587,.093,.585,.567,.600,R,50
136,James Worthy\worthja01,6-9,1983,1994,LAL,NBA,926,717,30001,6878,13204,6761,12718,117,486,2447,3184,1561,3147,4708,2791,1041,624,1859,1975,16320,.521,.532,.241,.525,.769,.559,R,50
137,Mark Aguirre\aguirma01,6-6,1982,1994,TOT,NBA,923,639,27730,7201,14865,6809,13607,392,1258,3664,4944,1704,2874,4578,2871,687,296,2306,2599,18458,.484,.500,.312,.498,.741,.542,R,50
138,James Edwards\edwarja01,7-0,1981,1996,TOT,NBA,921,467,21091,4245,8534,4244,8514,1,20,2456,3465,1249,2869,4118,1195,252,576,1469,3033,10947,.497,.498,.050,.497,.709,.544,R,50
139,Richard Hamilton\hamilri01,6-6,2000,2013,TOT,NBA,921,783,29559,5969,13288,5439,11758,530,1530,3240,3805,794,2058,2852,3125,714,131,1977,2329,15708,.449,.463,.346,.469,.852,.525,R,50
140,Larry Nance\nancela01,6-10,1982,1994,TOT,NBA,920,795,30697,6370,11664,6362,11609,8,55,2939,3892,2299,5053,7352,2393,872,2027,1711,2703,15687,.546,.548,.145,.546,.755,.586,R,50
141,Danny Ferry\ferryda01,6-10,1991,2003,TOT,NBA,917,186,18133,2505,5615,1828,3891,677,1724,752,895,647,1903,2550,1185,384,292,811,1964,6439,.446,.470,.393,.506,.840,.536,R,50
142,Clarence Weatherspoon\weathcl01,6-6,1993,2005,TOT,NBA,915,612,27736,4025,8537,4015,8486,10,51,2423,3261,2126,4720,6846,1346,880,794,1430,2028,10483,.471,.473,.196,.472,.743,.526,R,50
143,Allen Iverson\iversal01,6-0,1997,2010,TOT,NBA,914,901,37584,8467,19906,7408,16523,1059,3383,6375,8168,745,2649,3394,5624,1983,164,3262,1777,24368,.425,.448,.313,.452,.780,.518,R,50
144,Bo Outlaw\outlabo01,6-8,1994,2008,TOT,NBA,914,352,20740,2005,3534,2002,3496,3,38,957,1837,1685,2752,4437,1441,855,1193,1056,2164,4970,.567,.573,.079,.568,.521,.572,R,50
145,Tree Rollins\rollitr01,7-1,1981,1995,TOT,NBA,913,463,18210,1755,3374,1755,3367,0,7,715,1013,1467,3369,4836,456,355,1826,750,2401,4225,.520,.521,.000,.520,.706,.553,R,50
146,Latrell Sprewell\sprewla01,6-5,1993,2005,TOT,NBA,913,868,35270,6076,14294,4972,11022,1104,3272,3456,4298,770,2954,3724,3664,1294,399,2450,1689,16712,.425,.451,.337,.464,.804,.516,R,50
147,Brent Barry\barrybr01,6-6,1996,2009,TOT,NBA,912,449,23643,2896,6301,1501,2859,1395,3442,1301,1581,450,2330,2780,2892,955,253,1289,1754,8488,.460,.525,.405,.570,.823,.607,R,50
148,Dennis Rodman\rodmade01,6-7,1987,2000,TOT,NBA,911,573,28839,2766,5310,2684,4955,82,355,1069,1832,4329,7625,11954,1600,611,531,1484,2843,6683,.521,.542,.231,.529,.584,.546,R,50
149,Steve Kerr\kerrst01,6-3,1989,2003,TOT,NBA,910,30,16207,2042,4263,1316,2664,726,1599,627,726,186,874,1060,1658,476,46,504,847,5437,.479,.494,.454,.564,.864,.593,R,50
150,Matt Barnes\barnema02,6-7,2004,2017,TOT,NBA,905,354,21440,2736,6265,1777,3405,959,2860,1007,1357,1044,3120,4164,1631,698,432,1142,2297,7438,.437,.522,.335,.513,.742,.542,R,50
151,Jeff Malone\malonje01,6-4,1984,1996,TOT,NBA,905,755,29660,7099,14674,7013,14353,86,321,2947,3383,572,1792,2364,2154,577,100,1538,1695,17231,.484,.489,.268,.487,.871,.533,R,50
152,Antonio Davis\davisan01,6-9,1994,2006,TOT,NBA,903,524,26084,3187,7120,3185,7097,2,23,2665,3668,2323,4432,6755,1017,430,889,1346,2551,9041,.448,.449,.087,.448,.727,.518,R,50
153,Dwyane Wade\wadedw01,6-4,2004,2017,TOT,NBA,902,891,31990,7663,15799,7239,14324,424,1475,5371,6994,1128,3210,4338,5126,1489,792,2987,2064,21121,.485,.505,.287,.498,.768,.559,R,50
154,Gerald Wilkins\wilkige01,6-6,1986,1999,TOT,NBA,900,653,26084,4754,10564,4336,9242,418,1322,1810,2429,975,1671,2646,2697,907,208,1687,1853,11736,.450,.469,.316,.470,.745,.504,R,50
155,John Salmons\salmojo01,6-7,2003,2015,TOT,NBA,895,429,23672,3007,6979,2281,4993,726,1986,1552,1942,435,2168,2603,2183,756,239,1185,1667,8292,.431,.457,.366,.483,.799,.529,R,50
156,Vern Fleming\flemive01,6-5,1985,1996,TOT,NBA,893,523,24721,3964,7954,3926,7744,38,210,2159,2826,979,2033,3012,4293,926,105,1795,2003,10125,.498,.507,.181,.501,.764,.550,R,50
157,Antoine Walker\walkean02,6-8,1997,2008,TOT,NBA,893,707,31531,6085,14710,4699,10446,1386,4264,2091,3303,1894,4997,6891,3170,1085,469,2504,2516,15647,.414,.450,.325,.461,.633,.484,R,50
158,Alex English\englial01,6-7,1981,1991,TOT,NBA,892,753,30766,9068,17911,9052,17834,16,77,3744,4442,2044,2671,4715,3702,866,620,2274,2351,21896,.506,.508,.208,.507,.843,.551,R,50
159,Mookie Blaylock\blaylmo01,6-0,1990,2002,TOT,NBA,889,800,31026,4705,11499,3422,7683,1283,3816,1269,1724,1017,2642,3659,5972,2075,300,2067,1687,11962,.409,.445,.336,.465,.736,.488,R,50
160,Muggsy Bogues\boguemu01,5-3,1988,2001,TOT,NBA,889,556,25429,2845,6210,2739,5829,106,381,1062,1284,534,1784,2318,6726,1369,39,1433,1582,6858,.458,.470,.278,.467,.827,.506,R,50
161,Nick Collison\collini01,6-10,2005,2017,TOT,NBA,888,177,18480,2191,4114,2170,4014,21,100,908,1251,1754,2910,4664,931,445,468,870,2492,5311,.533,.541,.210,.535,.726,.569,R,50
163,Samuel Dalembert\dalemsa01,6-11,2002,2015,TOT,NBA,886,694,21646,2810,5393,2809,5381,1,12,1193,1689,2289,4653,6942,465,437,1546,1271,2601,6814,.521,.522,.083,.521,.706,.555,R,50
164,Chris Dudley\dudlech02,6-11,1988,2003,TOT,NBA,886,331,16321,1391,3380,1391,3375,0,5,691,1508,2234,3223,5457,375,334,1027,740,2328,3473,.412,.412,.000,.412,.458,.429,R,50
165,Jim Jackson\jacksji01,6-6,1993,2006,TOT,NBA,885,650,29067,4811,11247,3930,8834,881,2413,2187,2651,1190,2962,4152,2851,726,188,2179,1972,12690,.428,.445,.365,.467,.825,.511,R,50
166,Brad Davis\davisbr01,6-3,1981,1992,DAL,NBA,883,396,21402,2874,5630,2604,4790,270,840,1605,1933,292,1377,1669,4524,712,141,1311,2040,7623,.510,.544,.321,.534,.830,.588,R,50
167,Danny Manning\mannida01,6-10,1989,2003,TOT,NBA,883,398,24202,5026,9835,4985,9636,41,199,2274,3120,1523,3092,4615,2063,1000,752,1853,2895,12367,.511,.517,.206,.513,.729,.552,R,50
168,Larry Smith\smithla01,6-8,1981,1993,TOT,NBA,883,525,22879,2519,4743,2519,4736,0,7,866,1630,3401,4724,8125,941,699,457,1280,2966,5904,.531,.532,.000,.531,.531,.541,R,50
169,Caron Butler\butleca01,6-7,2003,2016,TOT,NBA,881,732,28333,4596,10592,3850,8448,746,2144,2492,2942,1103,3284,4387,2007,1163,216,1594,2129,12430,.434,.456,.348,.469,.847,.523,R,50
170,Bill Cartwright\cartwbi01,7-1,1981,1995,TOT,NBA,881,676,24341,3991,7653,3991,7651,0,2,2950,3846,1618,3762,5380,1225,412,567,1670,2554,10932,.521,.522,.000,.521,.767,.585,R,50
171,Kurt Rambis\rambiku01,6-8,1982,1995,TOT,NBA,880,462,16299,1802,3376,1802,3362,0,14,999,1450,1640,3321,4961,931,761,456,1033,2036,4603,.534,.536,.000,.534,.689,.573,R,50
172,Kirk Hinrich\hinriki01,6-4,2004,2016,TOT,NBA,879,665,27015,3503,8522,2331,5400,1172,3122,1416,1770,310,2266,2576,4245,972,243,1617,2487,9594,.411,.432,.375,.480,.800,.516,R,50
173,Earl Watson\watsoea01,6-1,2002,2014,TOT,NBA,878,227,19494,2112,5139,1610,3588,502,1551,867,1233,462,1523,1985,3871,873,176,1548,1755,5593,.411,.449,.324,.460,.703,.492,R,50
174,Luol Deng\denglu01,6-9,2005,2017,TOT,NBA,874,825,30432,5062,11113,4419,9183,643,1930,2416,3138,1439,3941,5380,2020,861,435,1441,1470,13183,.456,.481,.333,.484,.770,.528,R,50
175,Bruce Bowen\bowenbr01,6-7,1997,2009,TOT,NBA,873,644,24052,1945,4761,1127,2679,818,2082,582,1013,469,1959,2428,1089,712,336,646,1930,5290,.409,.421,.393,.494,.575,.508,R,50
176,Craig Ehlo\ehlocr01,6-6,1984,1997,TOT,NBA,873,321,21071,2977,6579,2356,4895,621,1684,917,1330,996,2143,3139,2456,989,232,1225,1695,7492,.453,.481,.369,.500,.689,.523,R,50
177,Antonio Daniels\daniean01,6-4,1998,2011,TOT,NBA,872,220,19671,2270,5109,1911,3955,359,1154,1724,2173,219,1394,1613,2934,564,85,928,917,6623,.444,.483,.311,.479,.793,.546,R,50
178,Steve Blake\blakest01,6-3,2004,2016,TOT,NBA,870,347,20823,2061,5145,1024,2436,1037,2709,503,646,250,1566,1816,3446,587,63,1222,1287,5662,.401,.420,.383,.501,.779,.521,R,50
179,Xavier McDaniel\mcdanxa01,6-7,1986,1998,TOT,NBA,870,529,25201,5673,11685,5599,11402,74,283,2186,3046,2082,3231,5313,1775,791,416,1887,2557,13606,.485,.491,.261,.489,.718,.522,R,50
180,Christian Laettner\laettch01,6-11,1993,2005,TOT,NBA,868,692,25760,4036,8405,3944,8052,92,353,2957,3604,1621,4185,5806,2224,917,675,1932,2768,11121,.480,.490,.261,.486,.820,.557,R,50
181,Brad Miller\millebr01,6-11,1999,2012,TOT,NBA,868,598,24537,3446,7174,3245,6564,201,610,2631,3273,1708,4491,6199,2470,639,592,1367,2383,9724,.480,.494,.330,.494,.804,.564,R,50
182,Tim Hardaway\hardati01,6-0,1990,2003,TOT,NBA,867,770,30626,5640,13076,4098,8731,1542,4345,2551,3263,544,2311,2855,7095,1428,129,2481,2027,15373,.431,.469,.355,.490,.782,.530,R,50
183,Rik Smits\smitsri01,7-4,1989,2000,IND,NBA,867,792,23100,5301,10461,5298,10435,3,26,2266,2932,1531,3746,5277,1215,372,1111,1579,3011,12871,.507,.508,.115,.507,.773,.548,R,50
184,John Starks\starkjo01,6-3,1989,2002,TOT,NBA,866,420,23514,3953,9590,2731,5999,1222,3591,1701,2211,417,1712,2129,3085,951,106,1533,2293,10829,.412,.455,.340,.476,.769,.513,R,50
185,Al Jefferson\jeffeal01,6-10,2005,2017,TOT,NBA,865,650,25642,6011,12053,6003,11990,8,63,1979,2791,2013,5475,7488,1304,608,1068,1184,2255,14009,.499,.501,.127,.499,.709,.527,R,50
186,James Posey\poseyja01,6-8,2000,2011,TOT,NBA,864,479,23260,2495,6091,1460,3124,1035,2967,1394,1701,755,3306,4061,1413,917,298,981,2330,7419,.410,.467,.349,.495,.820,.542,R,50
187,Doc Rivers\riverdo01,6-4,1984,1996,TOT,NBA,864,605,23567,3295,7416,2934,6315,361,1101,2426,3093,634,1991,2625,4889,1563,351,1651,2660,9377,.444,.465,.328,.469,.784,.534,R,50
188,Reggie Theus\theusre01,6-7,1981,1991,TOT,NBA,862,743,28821,5954,12682,5744,11842,210,840,3899,4700,947,1845,2792,5509,999,198,2842,2476,16017,.469,.485,.250,.478,.830,.543,R,50
189,Mychal Thompson\thompmy01,6-10,1981,1991,TOT,NBA,862,454,25620,4731,9368,4730,9356,1,12,2273,3438,2031,4316,6347,1965,634,939,1899,2422,11736,.505,.506,.083,.505,.661,.539,R,50
190,Carlos Boozer\boozeca01,6-9,2003,2015,TOT,NBA,861,775,26901,5847,11221,5846,11207,1,14,2281,3158,2037,6155,8192,1928,765,346,1824,2612,13976,.521,.522,.071,.521,.722,.554,R,50
191,Jack Sikma\sikmaja01,6-11,1981,1991,TOT,NBA,861,739,28954,5108,11017,4905,10400,203,617,3536,4110,1916,6301,8217,2814,944,864,1945,3052,13955,.464,.472,.329,.473,.860,.544,R,50
192,J.R. Smith\smithjr01,6-6,2005,2017,TOT,NBA,860,316,23150,4045,9597,2316,4983,1729,4614,1406,1916,456,2291,2747,1876,880,188,1208,1976,11225,.421,.465,.375,.512,.734,.538,R,50
193,Stephen Jackson\jacksst02,6-8,2001,2014,TOT,NBA,858,676,27398,4604,11112,3352,7349,1252,3763,2516,3154,674,2654,3328,2634,1109,317,2141,2043,12976,.414,.456,.333,.471,.798,.519,R,50
194,Jason Richardson\richaja01,6-6,2002,2015,TOT,NBA,857,842,29241,5558,12681,3950,8337,1608,4344,1920,2714,1033,3212,4245,2284,995,367,1503,1963,14644,.438,.474,.370,.502,.707,.528,R,50
195,Vernon Maxwell\maxweve01,6-4,1989,2001,TOT,NBA,855,497,24309,3932,9878,2676,5947,1256,3931,1792,2446,378,1822,2200,2912,975,152,1663,1766,10912,.398,.450,.320,.462,.733,.498,R,50
196,Bimbo Coles\colesbi01,6-1,1991,2004,TOT,NBA,852,354,20319,2549,5991,2297,5048,252,943,1278,1576,469,1351,1820,3313,735,134,1267,1824,6628,.425,.455,.267,.447,.811,.496,R,50
197,Orlando Woolridge\woolror01,6-9,1982,1994,TOT,NBA,851,485,24041,5150,10037,5142,9949,8,88,3315,4501,1361,2335,3696,1609,553,569,1747,2166,13623,.513,.517,.091,.514,.737,.567,R,50
198,Trevor Ariza\arizatr01,6-8,2005,2017,TOT,NBA,850,549,24667,3202,7510,2110,4415,1092,3095,1369,1913,911,3153,4064,1797,1284,275,1204,1711,8865,.426,.478,.353,.499,.716,.531,R,50
199,Dana Barros\barroda01,5-11,1990,2004,TOT,NBA,850,264,19480,3281,7140,2191,4488,1090,2652,1249,1456,232,1377,1609,2837,740,46,1213,1074,8901,.460,.488,.411,.536,.858,.572,R,50
202,Eric Snow\snower01,6-3,1996,2008,TOT,NBA,846,551,23132,2144,5054,2089,4789,55,265,1448,1897,419,1722,2141,4245,975,105,1391,2013,5791,.424,.436,.208,.430,.763,.492,R,50
203,Amar'e Stoudemire\stoudam01,6-10,2003,2016,TOT,NBA,846,696,26254,5911,11009,5881,10882,30,127,4142,5444,2029,4603,6632,1050,636,1054,1953,2685,15994,.537,.540,.236,.538,.761,.597,R,50
204,Ervin Johnson\johnser02,6-11,1994,2006,TOT,NBA,845,452,16989,1393,2756,1391,2746,2,10,685,1133,1677,3471,5148,387,471,1087,724,2430,3473,.505,.507,.200,.506,.605,.534,R,50
205,Rickey Green\greenri01,6-0,1981,1992,TOT,NBA,843,513,21742,3384,7117,3345,6929,39,188,1544,1878,410,1253,1663,5009,1265,49,1460,1320,8351,.475,.483,.207,.478,.822,.526,R,50
206,Zydrunas Ilgauskas\ilgauzy01,7-3,1998,2011,TOT,NBA,843,724,22965,4207,8842,4176,8742,31,100,2531,3243,2444,3747,6191,955,421,1327,1509,2776,10976,.476,.478,.310,.478,.780,.534,R,50
207,Bryon Russell\russebr01,6-7,1994,2006,TOT,NBA,841,392,19805,2274,5272,1589,3416,685,1856,1430,1906,752,2162,2914,1085,874,203,835,1984,6663,.431,.465,.369,.496,.750,.545,R,50
208,Darrell Armstrong\armstda01,6-0,1995,2008,TOT,NBA,840,337,19915,2663,6507,1740,3744,923,2763,1463,1679,654,1615,2269,3394,1133,98,1556,1398,7712,.409,.465,.334,.480,.871,.532,R,50
209,Wayne Cooper\coopewa01,6-10,1981,1992,TOT,NBA,840,461,17698,2747,6057,2741,6013,6,44,1109,1505,1857,3451,5308,789,268,1412,989,2780,6609,.454,.456,.136,.454,.737,.492,R,50
210,Allan Houston\houstal01,6-6,1994,2005,TOT,NBA,839,727,28311,5337,12017,4032,8770,1305,3247,2572,2979,353,2081,2434,1990,566,139,1760,2062,14551,.444,.460,.402,.498,.863,.546,R,50
211,Alonzo Mourning\mournal01,6-10,1993,2008,TOT,NBA,838,686,25975,5116,9701,5094,9612,22,89,4057,5862,2184,4953,7137,946,414,2356,2209,2810,14311,.527,.530,.247,.529,.692,.583,R,50
212,Tony Battie\battito01,6-11,1998,2012,TOT,NBA,837,429,17649,2143,4387,2131,4313,12,74,784,1137,1376,2911,4287,522,420,713,704,2203,5082,.488,.494,.162,.490,.690,.520,R,50
213,Rory Sparrow\sparrro01,6-2,1981,1992,TOT,NBA,836,562,22550,3264,7008,3163,6619,101,389,928,1164,441,1314,1755,4192,828,103,1534,1915,7557,.466,.478,.260,.473,.797,.502,R,50
214,Baron Davis\davisba01,6-3,2000,2012,TOT,NBA,835,692,28592,4888,11951,3556,7792,1332,4159,2339,3292,762,2421,3183,6025,1530,360,2308,2361,13447,.409,.456,.320,.465,.711,.502,R,50
215,Leandro Barbosa\barbole01,6-3,2004,2017,TOT,NBA,832,112,18065,3347,7274,2369,4757,978,2517,1218,1486,315,1372,1687,1753,684,118,1039,1624,8890,.460,.498,.389,.527,.820,.561,R,50
216,Shawn Bradley\bradlsh01,7-6,1994,2005,TOT,NBA,832,484,19531,2713,5935,2709,5896,4,39,1322,1847,1743,3525,5268,573,532,2119,1059,2567,6752,.457,.459,.103,.457,.716,.500,R,50
217,Gerald Wallace\wallage01,6-7,2002,2015,TOT,NBA,832,611,24731,3516,7492,3109,6189,407,1303,2494,3517,1145,3693,4838,1725,1200,681,1486,1829,9933,.469,.502,.312,.496,.709,.549,R,50
218,Chris Webber\webbech01,6-9,1994,2008,TOT,NBA,831,827,30847,7192,15024,6928,14141,264,883,2534,3906,2271,5853,8124,3526,1197,1200,2313,2700,17182,.479,.490,.299,.487,.649,.513,R,50
219,Marvin Williams\willima02,6-9,2006,2017,TOT,NBA,831,644,23878,3165,7139,2482,5213,683,1926,1778,2213,1051,3292,4343,1075,634,420,847,1721,8791,.443,.476,.355,.491,.803,.542,R,50
220,Shareef Abdur-Rahim\abdursh01,6-9,1997,2008,TOT,NBA,830,704,28882,5434,11515,5280,10996,154,519,4006,4943,1869,4370,6239,2109,820,638,2136,2324,15028,.472,.480,.297,.479,.810,.549,R,50
221,Udonis Haslem\hasleud01,6-8,2004,2017,MIA,NBA,830,498,21371,2625,5340,2622,5306,3,34,1225,1621,1600,4100,5700,721,421,247,798,2024,6478,.492,.494,.088,.492,.756,.535,R,50
222,Cliff Levingston\levincl01,6-8,1983,1995,TOT,NBA,830,216,16962,2333,4524,2328,4491,5,33,1217,1800,1772,2535,4307,752,534,593,829,2299,5888,.516,.518,.152,.516,.676,.554,R,50
223,Luke Ridnour\ridnolu01,6-2,2004,2015,TOT,NBA,830,493,21623,2933,6803,2349,5129,584,1674,1290,1496,363,1514,1877,3713,814,161,1349,1779,7740,.431,.458,.349,.474,.862,.519,R,50
224,Magic Johnson\johnsma02,6-9,1981,1996,LAL,NBA,829,763,30450,5708,11002,5390,9959,318,1043,4586,5388,1435,4528,5963,9578,1537,333,3201,1832,16320,.519,.541,.305,.533,.851,.610,R,50
225,Doug Christie\chrisdo01,6-6,1993,2007,TOT,NBA,827,708,26079,3238,7604,2433,5332,805,2272,2020,2460,797,2585,3382,2992,1555,392,1721,2051,9301,.426,.456,.354,.479,.821,.535,R,50
226,Raymond Felton\feltora01,6-1,2006,2017,TOT,NBA,827,657,26542,3768,9131,2949,6644,819,2487,1652,2095,516,2091,2607,4785,1060,181,1892,1719,10007,.413,.444,.329,.458,.789,.498,R,50
227,Corey Maggette\maggeco01,6-6,2000,2013,TOT,NBA,827,478,23358,4065,8969,3602,7538,463,1431,4605,5599,915,3107,4022,1696,590,139,1874,2338,13198,.453,.478,.324,.479,.822,.577,R,50
228,DeShawn Stevenson\stevede01,6-5,2001,2013,TOT,NBA,824,542,18396,2238,5515,1688,3898,550,1617,904,1296,410,1422,1832,1355,423,134,814,1140,5930,.406,.433,.340,.456,.698,.487,R,50
229,Tim Thomas\thomati01,6-10,1998,2010,TOT,NBA,824,408,21336,3458,7922,2496,5313,962,2609,1576,2079,807,2572,3379,1272,609,300,1217,2261,9454,.437,.470,.369,.497,.758,.535,R,50
230,Corliss Williamson\willico02,6-7,1996,2007,TOT,NBA,822,293,18749,3603,7355,3597,7311,6,44,1935,2710,1214,1969,3183,972,462,261,1316,2250,9147,.490,.492,.136,.490,.714,.535,R,50
231,Jon Barry\barryjo01,6-4,1993,2006,TOT,NBA,821,36,13880,1595,3672,938,1996,657,1676,868,1023,318,1195,1513,1784,722,111,808,1016,4715,.434,.470,.392,.524,.848,.572,R,50
232,Paul Millsap\millspa01,6-8,2007,2017,TOT,NBA,818,542,24041,4372,8852,4054,7896,318,956,2478,3378,1885,4236,6121,1860,1082,854,1472,2585,11540,.494,.513,.333,.512,.734,.558,R,50
233,Fred Roberts\roberfr01,6-10,1984,1997,TOT,NBA,818,253,14703,2257,4496,2206,4339,51,157,1397,1754,834,1474,2308,977,412,253,969,1572,5962,.502,.508,.325,.508,.796,.566,R,50
234,Deron Williams\willide01,6-3,2006,2017,TOT,NBA,818,764,28320,4798,10797,3645,7564,1153,3233,2855,3475,352,2219,2571,6722,856,200,2354,2084,13604,.444,.482,.357,.498,.822,.552,R,50
235,Mo Williams\willima01,6-1,2004,2016,TOT,NBA,818,525,23872,4051,9326,2957,6435,1094,2891,1563,1795,407,1857,2264,3990,721,121,1849,2005,10759,.434,.460,.378,.493,.871,.532,R,50
236,Devin Harris\harride01,6-3,2005,2017,TOT,NBA,816,445,21040,3092,7096,2428,5049,664,2047,2493,3133,262,1591,1853,3521,893,162,1518,1832,9341,.436,.481,.324,.483,.796,.551,R,50
237,Brendan Haywood\haywobr01,7-0,2002,2015,TOT,NBA,816,549,18680,2110,3999,2110,3995,0,4,1318,2246,2081,2794,4875,442,320,1109,851,2043,5538,.528,.528,.000,.528,.587,.555,R,50
238,Larry Bird\birdla01,6-9,1981,1992,BOS,NBA,815,788,31488,7898,15871,7307,14287,591,1584,3659,4111,1541,6581,8122,5325,1413,702,2553,2000,20046,.498,.511,.373,.516,.890,.567,R,50
239,Spud Webb\webbsp01,5-6,1986,1998,TOT,NBA,814,429,20288,2903,6421,2583,5403,320,1018,1946,2296,324,1418,1742,4342,922,111,1623,1638,8072,.452,.478,.314,.477,.848,.543,R,50
240,Malik Rose\rosema01,6-7,1997,2009,TOT,NBA,813,85,13404,1792,4104,1778,4025,14,79,1405,1892,1166,2205,3371,684,487,293,1059,1896,5003,.437,.442,.177,.438,.743,.507,R,50
241,Rasho Nesterovic\nestera01,7-0,1999,2010,TOT,NBA,811,595,17983,2570,5121,2569,5108,1,13,378,646,1513,2630,4143,836,330,934,748,2187,5519,.502,.503,.077,.502,.585,.511,R,50
242,Theo Ratliff\ratlith01,6-10,1996,2011,TOT,NBA,810,533,20500,2207,4451,2207,4449,0,2,1395,1965,1543,3053,4596,465,393,1968,1001,2288,5809,.496,.496,.000,.496,.710,.546,R,50
243,Kiki Vandeweghe\vandeki01,6-8,1981,1993,TOT,NBA,810,548,24521,6139,11699,5921,11107,218,592,3484,3997,893,1892,2785,1668,468,243,1310,1560,15980,.525,.533,.368,.534,.872,.594,R,50
244,Rasual Butler\butlera01,6-7,2003,2016,TOT,NBA,809,266,17219,2293,5686,1382,3166,911,2520,595,796,297,1637,1934,658,288,408,528,1132,6092,.403,.437,.362,.483,.747,.505,R,50
245,Reggie Evans\evansre01,6-8,2003,2015,TOT,NBA,809,372,15572,1107,2379,1106,2368,1,11,1074,2036,1984,3781,5765,458,566,115,897,1895,3289,.465,.467,.091,.466,.528,.502,R,50
246,Chris Paul\paulch01,6-0,2006,2017,TOT,NBA,809,809,28837,5328,11273,4385,8706,943,2567,3536,4090,554,3017,3571,8037,1873,87,1963,1997,15135,.473,.504,.367,.514,.865,.579,R,50
247,Benoit Benjamin\benjabe01,7-0,1986,2000,TOT,NBA,807,614,21911,3588,7224,3587,7203,1,21,2046,2837,1459,4604,6063,1070,522,1581,1847,2292,9223,.497,.498,.048,.497,.721,.544,R,50
248,Jameer Nelson\nelsoja01,6-0,2005,2017,TOT,NBA,805,616,22813,3601,8249,2531,5337,1070,2912,1178,1452,405,2007,2412,4184,724,61,1726,2055,9450,.437,.474,.367,.501,.811,.532,R,50
249,Peja Stojakovic\stojape01,6-9,1999,2011,TOT,NBA,804,665,26966,4825,10719,3065,6327,1760,4392,2237,2500,747,3035,3782,1408,747,106,1090,1398,13647,.450,.484,.401,.532,.895,.577,R,50
250,Monta Ellis\ellismo01,6-3,2006,2017,TOT,NBA,803,703,28192,5603,12431,4889,10149,714,2282,2651,3421,509,2286,2795,3758,1374,270,2191,1889,14571,.451,.482,.313,.479,.775,.523,R,50
251,Jarrett Jack\jackja01,6-3,2006,2016,TOT,NBA,803,343,22559,3183,7227,2588,5505,595,1722,1916,2239,255,2041,2296,3599,646,103,1605,1481,8877,.440,.470,.346,.482,.856,.540,R,50
252,Tyrone Hill\hillty01,6-9,1991,2004,TOT,NBA,801,610,22388,2834,5643,2834,5630,0,13,1864,2901,2396,4458,6854,647,614,379,1244,2893,7532,.502,.503,.000,.502,.643,.544,R,50
253,Nick Anderson\anderni01,6-6,1990,2002,TOT,NBA,800,636,24922,4416,9891,3361,6927,1055,2964,1642,2461,1011,3053,4064,2087,1114,364,1358,1502,11529,.446,.485,.356,.500,.667,.525,R,50
254,Lucious Harris\harrilu01,6-5,1994,2005,TOT,NBA,800,145,15701,2194,5151,1792,3996,402,1155,994,1258,554,1310,1864,1130,556,86,594,1013,5784,.426,.448,.348,.465,.790,.507,R,50
255,Walter Davis\daviswa03,6-6,1981,1992,TOT,NBA,798,373,21523,5911,11849,5754,11276,157,573,2102,2436,545,1379,1924,2929,906,68,1723,1760,14081,.499,.510,.274,.505,.863,.545,R,50
256,Mark Bryant\bryanma01,6-9,1989,2003,TOT,NBA,797,198,13479,1739,3481,1738,3469,1,12,834,1196,1120,1872,2992,491,330,195,661,2018,4313,.500,.501,.083,.500,.697,.538,R,50
257,Andrei Kirilenko\kirilan01,6-9,2002,2015,TOT,NBA,797,546,23916,3146,6637,2779,5452,367,1185,2772,3675,1400,2952,4352,2169,1097,1461,1518,1605,9431,.474,.510,.310,.502,.754,.571,R,50
258,Nate McMillan\mcmilna01,6-5,1987,1998,SEA,NBA,796,373,20462,1833,4136,1535,3266,298,870,769,1183,919,2303,3222,4893,1544,356,1486,2408,4733,.443,.470,.343,.479,.650,.508,R,50
259,Gerald Henderson\hendege01,6-2,1981,1992,TOT,NBA,795,362,17795,2888,6144,2687,5539,201,605,1323,1691,489,881,1370,2994,894,83,1452,1822,7300,.470,.485,.332,.486,.782,.530,R,50
260,Anthony Johnson\johnsan02,6-3,1998,2010,TOT,NBA,793,249,15552,1709,4131,1377,3198,332,933,682,916,293,1065,1358,2274,551,92,866,1289,4432,.414,.431,.356,.454,.745,.489,R,50
261,Aaron McKie\mckieaa01,6-5,1995,2007,TOT,NBA,793,287,19156,2265,5177,1877,4068,388,1109,953,1224,482,2105,2587,2126,912,164,1059,1588,5871,.438,.461,.350,.475,.779,.514,R,50
262,Ed Pinckney\pincked01,6-9,1986,1997,TOT,NBA,793,335,15698,1915,3577,1915,3559,0,18,1548,2024,1487,2465,3952,727,612,435,845,1531,5378,.535,.538,.000,.535,.765,.602,R,50
263,Matt Bonner\bonnema01,6-10,2005,2016,TOT,NBA,792,112,13356,1749,3768,952,1845,797,1923,337,432,622,1749,2371,552,285,213,299,1307,4632,.464,.516,.414,.570,.780,.585,R,50
264,Will Perdue\perduwi01,7-0,1989,2001,TOT,NBA,792,223,12360,1517,2943,1516,2928,1,15,705,1222,1420,2498,3918,595,226,527,813,1589,3740,.515,.518,.067,.516,.577,.537,R,50
265,Vin Baker\bakervi01,6-11,1994,2006,TOT,NBA,791,604,25737,4692,9675,4653,9494,39,181,2416,3787,2263,3604,5867,1509,582,798,1756,2560,11839,.485,.490,.215,.487,.638,.522,R,50
266,Drew Gooden\goodedr01,6-10,2003,2016,TOT,NBA,790,500,20127,3432,7435,3344,7093,88,342,1701,2239,1878,3740,5618,896,544,474,1158,1957,8653,.462,.471,.257,.468,.760,.514,R,50
267,Eric Piatkowski\piatker01,6-7,1995,2008,TOT,NBA,789,250,14613,2044,4711,1179,2543,865,2168,966,1152,508,1208,1716,778,404,115,628,1152,5919,.434,.464,.399,.526,.839,.567,R,50
268,Michael Cooper\coopemi01,6-5,1981,1990,LAL,NBA,788,94,21655,2708,5845,2285,4605,423,1240,1162,1386,640,1900,2540,3445,946,485,1286,2113,7001,.463,.496,.341,.499,.838,.542,R,50
269,Jay Humphries\humphja01,6-3,1985,1995,TOT,NBA,788,557,23062,3502,7362,3283,6624,219,738,1549,1981,529,1474,2003,4339,1153,89,1533,2173,8772,.476,.496,.297,.491,.782,.533,R,50
270,Jason Williams\willija02,6-1,1999,2011,TOT,NBA,788,667,23188,3065,7699,1827,3915,1238,3784,898,1104,192,1618,1810,4611,933,60,1643,1100,8266,.398,.467,.327,.479,.813,.505,R,50
271,Howard Eisley\eisleho01,6-2,1995,2006,TOT,NBA,786,167,16013,1881,4617,1365,3143,516,1474,838,1013,208,1116,1324,2748,540,83,1172,1701,5116,.407,.434,.350,.463,.827,.505,R,50
272,Kris Humphries\humphkr01,6-9,2005,2017,TOT,NBA,786,200,14039,2059,4428,2009,4255,50,173,1123,1602,1371,2879,4250,549,322,449,686,1439,5291,.465,.472,.289,.471,.701,.515,R,50
273,Mike Woodson\woodsmi01,6-5,1981,1991,TOT,NBA,786,379,20021,4368,9364,4248,8921,120,443,2125,2615,655,1183,1838,1822,952,275,1331,1847,10981,.466,.476,.271,.473,.813,.522,R,50
274,Jon Koncak\koncajo01,7-0,1986,1996,TOT,NBA,784,379,16409,1444,3073,1425,2989,19,84,613,1027,1064,2792,3856,785,542,791,624,2474,3520,.470,.477,.226,.473,.597,.499,R,50
275,Harvey Grant\grantha01,6-8,1989,1999,TOT,NBA,783,439,20510,3345,7138,3280,6895,65,243,1026,1448,1170,2266,3436,1219,599,428,714,1768,7781,.469,.476,.267,.473,.709,.500,R,50
276,Quentin Richardson\richaqu01,6-6,2001,2013,TOT,NBA,783,486,20785,2923,7360,1756,4072,1167,3288,1019,1420,933,2733,3666,1138,607,148,868,1529,8032,.397,.431,.355,.476,.718,.503,R,50
277,Kendrick Perkins\perkike01,6-10,2004,2016,TOT,NBA,781,565,17147,1704,3217,1704,3203,0,14,803,1351,1305,3226,4531,811,262,903,1232,2141,4211,.530,.532,.000,.530,.594,.552,R,50
278,Rod Higgins\higgiro01,6-7,1983,1995,TOT,NBA,779,203,17189,2483,5336,2131,4306,352,1030,1693,2095,946,1873,2819,1254,485,359,786,1712,7011,.465,.495,.342,.498,.808,.560,R,50
279,Alvin Robertson\roberal01,6-3,1985,1996,TOT,NBA,779,680,24669,4412,9245,4176,8445,236,800,1822,2451,1621,2445,4066,3929,2112,323,2116,2638,10882,.477,.494,.295,.490,.743,.527,R,50
280,Lorenzen Wright\wrighlo02,6-11,1997,2009,TOT,NBA,778,447,18535,2556,5573,2554,5544,2,29,1077,1670,1688,3255,4943,622,471,572,877,2276,6191,.459,.461,.069,.459,.645,.491,R,50
281,Dennis Johnson\johnsde01,6-4,1981,1990,TOT,NBA,777,673,26424,4124,9182,4056,8776,68,406,2629,3182,827,2038,2865,4534,992,388,1866,2177,10945,.449,.462,.167,.453,.826,.517,R,50
282,Jacque Vaughn\vaughja01,6-1,1998,2009,TOT,NBA,776,123,12658,1300,3028,1205,2758,95,270,768,986,148,880,1028,1919,403,15,792,1267,3463,.429,.437,.352,.445,.779,.500,R,50
283,Tony Allen\allento01,6-4,2005,2017,TOT,NBA,774,420,17187,2456,5164,2343,4755,113,409,1323,1856,945,1765,2710,1027,1117,328,1069,1842,6348,.476,.493,.276,.487,.713,.531,R,50
284,George Lynch\lynchge01,6-8,1994,2005,TOT,NBA,774,420,17683,2086,4677,1940,4200,146,477,791,1213,1508,2394,3902,1121,817,258,890,1675,5109,.446,.462,.306,.462,.652,.490,R,50
285,Jose Calderon\caldejo01,6-3,2006,2017,TOT,NBA,772,557,21850,2877,6078,2024,4002,853,2076,885,1011,271,1700,1971,4880,669,66,1248,1317,7492,.473,.506,.411,.544,.875,.574,R,50
286,John Paxson\paxsojo01,6-2,1984,1994,TOT,NBA,772,369,17257,2403,4812,2130,4043,273,769,481,598,167,739,906,2758,517,44,651,1430,5560,.499,.527,.355,.528,.804,.548,R,50
288,Channing Frye\fryech01,6-11,2006,2017,TOT,NBA,771,426,18139,2686,6123,1759,3742,927,2381,820,1001,740,2940,3680,789,418,506,731,2087,7119,.439,.470,.389,.514,.819,.542,R,50
289,LaMarcus Aldridge\aldrila01,6-11,2007,2017,TOT,NBA,769,728,26749,5975,12268,5898,11994,77,274,2683,3344,2017,4391,6408,1473,592,793,1211,1957,14710,.487,.492,.281,.490,.802,.535,R,50
290,T.R. Dunn\dunntr01,6-4,1981,1991,TOT,NBA,768,457,18643,1444,3103,1443,3086,1,17,729,1016,1389,2167,3556,1336,1082,190,596,1687,3618,.465,.468,.059,.466,.718,.510,R,50
291,Rodney McCray\mccraro01,6-7,1984,1993,TOT,NBA,768,629,24876,3516,6997,3459,6778,57,219,1925,2529,1645,3442,5087,2750,585,493,1419,1734,9014,.503,.510,.260,.507,.761,.556,R,50
292,George McCloud\mccloge01,6-6,1990,2002,TOT,NBA,766,194,17429,2469,6140,1549,3567,920,2573,1067,1318,659,1683,2342,1769,593,190,1070,1646,6925,.402,.434,.358,.477,.810,.515,R,50
293,Sherman Douglas\douglsh01,6-0,1990,2001,TOT,NBA,765,482,21148,3335,6886,3181,6310,154,576,1601,2361,558,1114,1672,4536,785,76,1761,1615,8425,.484,.504,.267,.495,.678,.532,R,50
294,Darrell Griffith\griffda01,6-4,1981,1991,UTA,NBA,765,412,21403,5237,11305,4707,9709,530,1596,1387,1961,780,1739,2519,1627,931,242,1632,1689,12391,.463,.485,.332,.487,.707,.509,R,50
295,Jeff Foster\fosteje01,6-11,2000,2012,IND,NBA,764,345,15750,1472,2961,1465,2907,7,54,796,1295,2101,3147,5248,703,507,308,613,1921,3747,.497,.504,.130,.498,.615,.531,R,50
296,Tom Gugliotta\guglito01,6-10,1993,2005,TOT,NBA,763,608,23556,3871,8584,3663,7852,208,732,1945,2570,1595,3994,5589,2140,1079,492,1735,1884,9895,.451,.467,.284,.463,.757,.509,R,50
297,Kenyon Martin\martike01,6-9,2001,2015,TOT,NBA,757,667,23134,3875,8031,3809,7749,66,282,1509,2398,1312,3847,5159,1439,893,864,1318,2498,9325,.483,.492,.234,.487,.629,.513,R,50
298,Brian Grant\grantbr01,6-9,1995,2006,TOT,NBA,756,577,21417,3103,6332,3097,6304,6,28,1721,2306,1834,3788,5622,923,455,561,1235,2409,7933,.490,.491,.214,.491,.746,.540,R,50
299,Greg Ostertag\ostergr01,7-2,1996,2006,TOT,NBA,756,321,14753,1339,2757,1338,2747,1,10,833,1465,1475,2670,4145,443,189,1293,684,1873,3512,.486,.487,.100,.486,.569,.516,R,50
300,Trent Tucker\tucketr01,6-5,1983,1993,TOT,NBA,756,207,15671,2594,5632,2019,4222,575,1410,473,627,512,1008,1520,1532,679,88,593,1594,6236,.461,.478,.408,.512,.754,.528,R,50
301,Lou Williams\willilo02,6-1,2006,2017,TOT,NBA,756,90,17777,3076,7364,2178,4767,898,2597,2561,3105,270,1295,1565,2209,671,131,1101,1034,9611,.418,.457,.346,.479,.825,.550,R,50
302,Bobby Jackson\jacksbo01,6-1,1998,2009,TOT,NBA,755,143,16790,2755,6601,2066,4654,689,1947,1145,1444,623,1724,2347,1945,704,68,1014,1372,7344,.417,.444,.354,.470,.793,.507,R,50
303,Dave Corzine\corzida01,6-11,1981,1991,TOT,NBA,754,309,19414,2944,6067,2934,6014,10,53,1317,1758,1591,3254,4845,1365,350,803,1227,1748,7215,.485,.488,.189,.486,.749,.527,R,50
304,Rudy Gay\gayru01,6-8,2007,2017,TOT,NBA,753,715,26815,5245,11598,4453,9302,792,2296,2578,3240,1117,3335,4452,1709,1008,616,1816,1886,13860,.452,.479,.345,.486,.796,.532,R,50
305,Fat Lever\leverfa01,6-3,1983,1994,TOT,NBA,752,599,23814,4244,9504,4082,8981,162,523,1783,2312,1442,3081,4523,4696,1666,209,1471,1803,10433,.447,.455,.310,.455,.771,.496,R,50
306,Sean Rooks\rooksse01,6-10,1993,2004,TOT,NBA,749,230,13560,1710,3725,1708,3703,2,22,1254,1795,943,1934,2877,631,255,499,804,1657,4676,.459,.461,.091,.459,.699,.518,R,50
307,Bill Hanzlik\hanzlbi01,6-7,1981,1990,TOT,NBA,748,109,15534,1836,4232,1790,4016,46,216,1696,2171,691,1367,2058,2058,727,205,1090,2222,5414,.434,.446,.213,.439,.781,.522,R,50
308,Caldwell Jones\jonesca01,6-11,1981,1990,TOT,NBA,748,409,17873,1636,3443,1634,3414,2,29,1074,1356,1291,3439,4730,848,329,871,1094,2344,4348,.475,.479,.069,.475,.792,.538,R,50
309,John Salley\sallejo01,6-11,1987,2000,TOT,NBA,748,228,16524,1871,3697,1868,3683,3,14,1483,2076,1226,2130,3356,916,451,983,949,2399,5228,.506,.507,.214,.506,.714,.567,R,50
310,B.J. Armstrong\armstbj01,6-2,1990,2000,TOT,NBA,747,341,17790,2850,5981,2414,4955,436,1026,1184,1383,192,1129,1321,2479,533,47,889,1128,7320,.477,.487,.425,.513,.856,.555,R,50
311,Chris Morris\morrich01,6-8,1989,1999,TOT,NBA,747,436,18748,3144,7136,2647,5511,497,1625,1399,1894,1516,2028,3544,1182,917,540,1171,1750,8184,.441,.480,.306,.475,.739,.513,R,50
312,Scott Williams\willisc01,6-10,1991,2005,TOT,NBA,746,266,12220,1589,3402,1584,3357,5,45,642,890,1281,2225,3506,431,393,421,545,1916,3825,.467,.472,.111,.468,.721,.504,R,50
313,Ben Gordon\gordobe01,6-3,2005,2015,TOT,NBA,744,269,20366,3931,9092,2760,6171,1171,2921,2051,2394,333,1518,1851,1868,508,114,1551,1720,11084,.432,.447,.401,.497,.857,.546,R,50
314,Brandon Bass\bassbr01,6-8,2006,2017,TOT,NBA,742,283,16263,2530,5071,2518,5014,12,57,1416,1703,1122,2281,3403,606,288,476,713,1363,6488,.499,.502,.211,.500,.831,.557,R,50
315,Sean Elliott\elliose01,6-8,1990,2001,TOT,NBA,742,712,24502,3852,8290,3263,6718,589,1572,2251,2816,819,2385,3204,1897,576,284,1328,1626,10544,.465,.486,.375,.500,.799,.553,R,50
316,John Long\longjo01,6-5,1981,1997,TOT,NBA,742,432,17818,3939,8525,3839,8223,100,302,1497,1720,719,1170,1889,1411,681,135,1212,1423,9475,.462,.467,.331,.468,.870,.510,R,50
317,Luis Scola\scolalu01,6-9,2008,2017,TOT,NBA,742,505,18986,3669,7440,3577,7171,92,269,1452,1961,1334,3603,4937,1190,474,224,1121,2035,8882,.493,.499,.342,.499,.740,.535,R,50
318,Dave Greenwood\greenda01,6-9,1981,1991,TOT,NBA,741,418,20579,2753,5761,2750,5739,3,22,1585,2098,1698,4066,5764,1432,523,607,1264,2292,7094,.478,.479,.136,.478,.755,.531,R,50
319,David Wingate\wingada01,6-5,1987,2001,TOT,NBA,740,218,13243,1690,3798,1611,3508,79,290,707,958,445,975,1420,1376,597,122,853,1249,4166,.445,.459,.272,.455,.738,.494,R,50
320,Andrew Lang\langan01,6-11,1989,2000,TOT,NBA,737,380,15344,1780,3785,1775,3765,5,20,866,1164,1188,2323,3511,424,332,1099,697,2037,4431,.470,.471,.250,.471,.744,.516,R,50
321,Vladimir Radmanovic\radmavl01,6-10,2002,2013,TOT,NBA,737,213,16164,2148,5177,1177,2610,971,2567,612,807,654,2130,2784,998,537,263,837,1552,5879,.415,.451,.378,.509,.758,.531,R,50
322,Kenny Smith\smithke01,6-3,1988,1997,TOT,NBA,737,650,22213,3527,7352,2863,5687,664,1665,1679,2026,281,1173,1454,4073,759,65,1649,1185,9397,.480,.503,.399,.525,.829,.570,R,50
323,Ricky Davis\davisri01,6-6,1999,2010,TOT,NBA,736,344,21927,3747,8410,3164,6796,583,1614,1835,2349,566,1984,2550,2426,732,187,1606,1430,9912,.446,.466,.361,.480,.781,.525,R,50
324,Lamond Murray\murrala01,6-7,1995,2006,TOT,NBA,736,364,18477,3137,7301,2609,5835,528,1466,1484,1955,936,2097,3033,978,684,319,1207,1471,8286,.430,.447,.360,.466,.759,.508,R,50
325,Jason Collins\collija04,7-0,2002,2014,TOT,NBA,735,477,14974,918,2234,911,2200,7,34,778,1202,915,1791,2706,626,368,359,605,2056,2621,.411,.414,.206,.412,.647,.474,R,50
326,Kevin Johnson\johnske02,6-1,1988,2000,TOT,NBA,735,623,25061,4512,9160,4352,8636,160,524,3943,4691,487,1917,2404,6711,1082,176,2258,1541,13127,.493,.504,.305,.501,.841,.585,R,50
327,Chris Kaman\kamanch01,7-0,2004,2016,TOT,NBA,735,538,19642,3432,7023,3431,6999,1,24,1343,1808,1487,4095,5582,921,322,931,1544,1968,8208,.489,.490,.042,.489,.743,.525,R,50
328,Adonal Foyle\foylead01,6-10,1998,2009,TOT,NBA,733,269,13060,1318,2766,1318,2764,0,2,353,707,1301,2160,3461,344,264,1193,597,1575,2989,.477,.477,.000,.477,.499,.486,R,50
329,Wesley Person\persowe01,6-6,1995,2005,TOT,NBA,733,454,20727,3128,6843,1978,4089,1150,2754,786,1010,423,1979,2402,1234,579,230,680,965,8192,.457,.484,.418,.541,.778,.562,R,50
330,Mario Elie\eliema01,6-5,1991,2001,TOT,NBA,732,395,18654,2123,4492,1549,2920,574,1572,1445,1692,520,1497,2017,1875,671,129,960,1438,6265,.473,.530,.365,.537,.854,.598,R,50
331,Frank Brickowski\brickfr01,6-9,1985,1997,TOT,NBA,731,404,16278,2873,5538,2818,5368,55,170,1501,2028,1007,2403,3410,1384,644,285,1372,2298,7302,.519,.525,.324,.524,.740,.568,R,50
332,Willie Green\greenwi01,6-4,2004,2015,TOT,NBA,731,297,14783,2417,5682,1900,4188,517,1494,708,925,242,1061,1303,1018,393,108,705,1259,6059,.425,.454,.346,.471,.765,.498,R,50
333,Brevin Knight\knighbr01,5-10,1998,2009,TOT,NBA,729,423,18176,2019,4897,2003,4778,16,119,1288,1632,282,1503,1785,4481,1229,87,1367,1856,5342,.412,.419,.134,.414,.789,.476,R,50
334,Keyon Dooling\doolike01,6-3,2001,2013,TOT,NBA,728,86,14134,1810,4356,1364,3079,446,1277,1001,1253,132,832,964,1601,463,75,803,1221,5067,.416,.443,.349,.467,.799,.516,R,50
335,Larry Hughes\hughela01,6-5,1999,2012,TOT,NBA,727,509,22368,3738,9200,3214,7504,524,1696,2242,2963,738,2301,3039,2290,1092,255,1554,1645,10242,.406,.428,.309,.435,.757,.488,R,50
336,Charles Jones\jonesch01,6-9,1984,1998,TOT,NBA,726,408,14095,725,1510,725,1504,0,6,376,608,1112,2141,3253,623,442,1134,487,2079,1826,.480,.482,.000,.480,.618,.514,R,50
337,Terrell Brandon\brandte01,5-11,1992,2002,TOT,NBA,724,480,21545,3908,8720,3514,7610,394,1110,1784,2043,425,1749,2174,4407,1142,226,1419,1325,9994,.448,.462,.355,.471,.873,.519,R,50
338,Paul Pressey\presspa01,6-5,1983,1993,TOT,NBA,724,420,19659,2855,5890,2776,5534,79,356,1875,2503,901,1897,2798,3715,997,428,1700,2032,7664,.485,.502,.222,.491,.749,.548,R,50
339,Randy Foye\foyera01,6-4,2007,2017,TOT,NBA,723,404,18750,2657,6623,1578,3684,1079,2939,1189,1399,242,1388,1630,2063,509,218,1079,1541,7582,.401,.428,.367,.483,.850,.524,R,50
340,Mark Price\pricema01,6-0,1987,1998,TOT,NBA,722,578,21560,3939,8345,2963,5917,976,2428,2135,2362,409,1439,1848,4863,860,76,1790,964,10989,.472,.501,.402,.530,.904,.586,R,50
341,Thabo Sefolosha\sefolth01,6-7,2007,2017,TOT,NBA,722,454,16752,1648,3679,1231,2467,417,1212,577,785,549,2245,2794,1073,794,329,668,1245,4290,.448,.499,.344,.505,.735,.533,R,50
342,Jud Buechler\buechju01,6-6,1991,2002,TOT,NBA,720,29,8444,961,2221,698,1503,263,718,200,316,431,835,1266,560,314,144,297,732,2385,.433,.464,.366,.492,.633,.505,R,50
343,Darrell Walker\walkeda01,6-4,1984,1993,TOT,NBA,720,356,18601,2469,5682,2463,5580,6,102,1445,2027,1057,2077,3134,3276,1090,225,1461,1827,6389,.435,.441,.059,.435,.713,.486,R,50
344,Bill Wennington\wennibi01,7-0,1986,2000,TOT,NBA,720,88,9740,1379,3006,1374,2970,5,36,538,684,688,1460,2148,440,226,248,440,1680,3301,.459,.463,.139,.460,.787,.499,R,50
345,Shandon Anderson\andersh01,6-6,1997,2006,TOT,NBA,719,226,15946,1996,4366,1689,3394,307,972,1028,1392,583,1669,2252,1007,556,180,958,1437,5327,.457,.498,.316,.492,.739,.535,R,50
346,Eddie House\houseed01,6-1,2001,2011,TOT,NBA,717,31,12405,2078,5077,1261,2981,817,2096,383,450,164,1059,1223,1112,470,58,569,927,5356,.409,.423,.390,.490,.851,.508,R,50
347,Amir Johnson\johnsam01,6-9,2006,2017,TOT,NBA,716,432,16038,2262,3942,2187,3716,75,226,773,1146,1517,2563,4080,842,441,755,798,2213,5372,.574,.589,.332,.583,.675,.604,R,50
348,Larry Drew\drewla01,6-1,1981,1991,TOT,NBA,714,341,18370,3308,7085,3190,6680,118,405,1376,1724,259,1006,1265,3702,791,45,1565,1286,8110,.467,.478,.291,.475,.798,.517,R,50
349,Kevin Martin\martike02,6-7,2005,2016,TOT,NBA,714,504,21559,3847,8797,2706,5828,1141,2969,3561,4091,401,1877,2278,1352,643,78,1200,1361,12396,.437,.464,.384,.502,.870,.585,R,50
350,Jared Dudley\dudleja01,6-7,2008,2017,TOT,NBA,712,260,17161,2168,4613,1419,2740,749,1873,854,1167,741,1681,2422,1138,615,128,648,1306,5939,.470,.518,.400,.551,.732,.579,R,50
351,Jim Paxson\paxsoji02,6-6,1981,1990,TOT,NBA,712,368,20087,4356,8673,4259,8260,97,413,1947,2403,494,990,1484,2156,903,88,1051,1345,10756,.502,.516,.235,.508,.810,.553,R,50
352,Walt Williams\williwa02,6-8,1993,2003,TOT,NBA,708,409,18818,2978,7013,2002,4438,976,2575,1453,1956,764,2030,2794,1637,658,406,1321,2046,8385,.425,.451,.379,.494,.743,.532,R,50
353,Larry Johnson\johnsla02,6-6,1992,2001,TOT,NBA,707,699,25685,4401,9086,4034,7982,367,1104,2281,2978,1794,3506,5300,2298,515,258,1435,1893,11450,.484,.505,.332,.505,.766,.551,R,50
354,Kelly Tripucka\tripuke01,6-6,1982,1991,TOT,NBA,707,575,20959,4434,9380,4266,8915,168,465,3106,3660,937,1766,2703,2090,678,137,1697,1634,12142,.473,.479,.361,.482,.849,.552,R,50
355,Terry Tyler\tylerte01,6-7,1981,1989,TOT,NBA,707,255,16510,2945,6044,2937,5974,8,70,909,1296,1170,2230,3400,821,590,921,824,1446,6807,.487,.492,.114,.488,.701,.515,R,50
356,Raja Bell\bellra01,6-5,2001,2012,TOT,NBA,706,479,19813,2581,5949,1625,3592,956,2357,880,1101,408,1560,1968,1208,484,130,695,1840,6998,.434,.452,.406,.514,.799,.544,R,50
357,Kyle Lowry\lowryky01,6-1,2007,2017,TOT,NBA,706,470,21811,3229,7617,2112,4548,1117,3069,2460,3077,596,2278,2874,4077,970,189,1559,1923,10035,.424,.464,.364,.497,.799,.559,R,50
358,Kareem Abdul-Jabbar\abdulka01,7-2,1981,1989,LAL,NBA,705,625,22532,5858,10324,5857,10307,1,17,2495,3370,1373,3721,5094,1849,503,1314,1740,2042,14212,.567,.568,.059,.567,.740,.602,R,50
360,Purvis Short\shortpu01,6-7,1981,1990,TOT,NBA,705,347,21210,5104,10820,4979,10383,125,437,2423,2924,1178,1784,2962,1903,761,157,1487,2060,12756,.472,.480,.286,.477,.829,.527,R,50
361,Blue Edwards\edwarbl01,6-4,1990,1999,TOT,NBA,704,452,18409,3021,6362,2717,5454,304,908,1239,1590,698,1678,2376,1409,728,297,1187,1923,7585,.475,.498,.335,.499,.779,.537,R,50
362,Anfernee Hardaway\hardaan01,6-7,1994,2008,TOT,NBA,704,557,23711,3995,8731,3492,7140,503,1591,2191,2831,975,2171,3146,3525,1125,312,1786,1562,10684,.458,.489,.316,.486,.774,.535,R,50
363,Chucky Atkins\atkinch01,5-11,2000,2010,TOT,NBA,696,325,17304,2479,6022,1545,3457,934,2565,971,1258,194,992,1186,2396,465,36,1018,1284,6863,.412,.447,.364,.489,.772,.522,R,50
364,Chris Andersen\anderch01,6-10,2002,2017,TOT,NBA,695,45,12273,1336,2512,1321,2444,15,68,1068,1632,1176,2317,3493,337,312,991,513,1342,3755,.532,.541,.221,.535,.654,.581,R,50
365,Craig Hodges\hodgecr01,6-2,1983,1992,TOT,NBA,695,256,15077,2363,5129,1800,3721,563,1408,651,786,306,631,937,1769,553,26,815,1368,5940,.461,.484,.400,.516,.828,.542,R,50
366,Chucky Brown\brownch01,6-7,1990,2002,TOT,NBA,694,265,11962,1712,3487,1690,3390,22,97,679,972,665,1483,2148,549,228,216,537,1177,4125,.491,.499,.227,.494,.699,.527,R,50
367,Bernard King\kingbe01,6-7,1981,1993,TOT,NBA,694,547,23047,6251,11948,6228,11814,23,134,3276,4300,1164,2388,3552,2323,619,151,2107,2191,15801,.523,.527,.172,.524,.762,.571,R,50
368,Arron Afflalo\afflaar01,6-5,2008,2017,TOT,NBA,693,519,19706,2858,6345,2050,4245,808,2100,1331,1618,329,1744,2073,1332,332,131,820,1402,7855,.450,.483,.385,.514,.823,.557,R,50
369,Kevin Durant\duranke01,6-9,2008,2017,TOT,NBA,693,693,25996,6387,13112,5146,9838,1241,3274,4889,5543,546,4409,4955,2617,834,727,2202,1311,18904,.487,.523,.379,.534,.882,.608,R,50
370,James Jones\jonesja02,6-8,2004,2017,TOT,NBA,692,92,10942,1190,2966,422,1055,768,1911,527,626,225,1035,1260,359,223,215,228,914,3675,.401,.400,.402,.531,.842,.567,R,50
371,Tony Campbell\campbto01,6-7,1985,1995,TOT,NBA,690,224,15180,3180,6981,3113,6717,67,264,1567,1984,912,1205,2117,1019,582,157,1083,1536,7994,.456,.463,.254,.460,.790,.509,R,50
372,Sidney Moncrief\moncrsi01,6-3,1981,1991,TOT,NBA,690,513,21593,3906,7747,3796,7361,110,386,3355,4027,1270,1967,3237,2660,852,212,1434,1529,11277,.504,.516,.285,.511,.833,.592,R,50
373,Rajon Rondo\rondora01,6-1,2007,2017,TOT,NBA,689,621,22372,3074,6644,2862,5916,212,728,994,1643,756,2604,3360,5905,1245,92,2004,1553,7354,.463,.484,.291,.479,.605,.499,R,50
374,Loy Vaught\vaughlo01,6-9,1991,2001,TOT,NBA,689,354,16993,3061,6074,3040,5988,21,86,841,1172,1482,3399,4881,652,510,228,822,1624,6984,.504,.508,.244,.506,.718,.530,R,50
375,Jeff Green\greenje02,6-9,2008,2017,TOT,NBA,688,483,21573,3445,7905,2746,5822,699,2083,1796,2273,684,2580,3264,1116,535,391,1126,1566,9385,.436,.472,.336,.480,.790,.527,R,50
376,Glenn Robinson\robingl01,6-7,1995,2005,TOT,NBA,688,668,25346,5571,12129,4951,10306,620,1823,2472,3016,1027,3162,4189,1879,826,389,2147,1847,14234,.459,.480,.340,.485,.820,.529,R,50
377,Lester Conner\connele01,6-4,1983,1995,TOT,NBA,687,281,14970,1639,3618,1617,3509,22,109,1037,1378,633,1228,1861,2669,1085,64,914,1036,4337,.453,.461,.202,.456,.753,.513,R,50
378,Tom Hammonds\hammoto01,6-9,1990,2001,TOT,NBA,687,60,10419,1410,2940,1410,2929,0,11,797,1154,733,1510,2243,378,167,136,529,1244,3617,.480,.481,.000,.480,.691,.525,R,50
379,Terry Teagle\teaglte01,6-5,1983,1993,TOT,NBA,687,193,14509,3295,7090,3265,6947,30,143,1362,1719,726,1077,1803,956,517,127,1005,1532,7982,.465,.470,.210,.467,.792,.509,R,50
380,Hubert Davis\davishu01,6-5,1993,2004,TOT,NBA,685,149,15143,2108,4600,1380,2949,728,1651,639,763,209,836,1045,1172,297,44,646,1011,5583,.458,.468,.441,.537,.837,.566,R,50
381,Corey Brewer\breweco01,6-9,2008,2017,TOT,NBA,684,286,16602,2427,5734,1976,4147,451,1587,1109,1558,530,1460,1990,1102,879,192,860,1519,6414,.423,.476,.284,.463,.712,.500,R,50
382,Kevin Duckworth\duckwke01,7-0,1987,1997,TOT,NBA,684,527,17462,3216,6870,3211,6846,5,24,1648,2239,1369,2576,3945,598,329,316,1237,2195,8085,.468,.469,.208,.468,.736,.515,R,50
383,Tony Massenburg\masseto01,6-9,1991,2005,TOT,NBA,683,233,12291,1638,3484,1637,3473,1,11,961,1363,1054,1910,2964,266,261,322,685,1607,4238,.470,.471,.091,.470,.705,.519,R,50
384,Paul Mokeski\mokespa01,7-0,1981,1991,TOT,NBA,682,38,9626,1088,2404,1077,2353,11,51,548,791,695,1618,2313,498,227,301,575,1794,2735,.453,.458,.216,.455,.693,.497,R,50
385,Randy Breuer\breuera01,7-3,1984,1994,TOT,NBA,681,285,12499,1898,4060,1898,4056,0,4,803,1278,1061,1925,2986,616,305,750,676,1464,4599,.467,.468,.000,.467,.628,.497,R,50
386,Robert Reid\reidro01,6-8,1981,1991,TOT,NBA,681,284,18697,3381,7494,3278,7143,103,351,1112,1502,787,2098,2885,1905,699,247,943,2033,7977,.451,.459,.293,.458,.740,.489,R,50
387,Greg Anderson\andergr01,6-10,1988,1998,TOT,NBA,680,315,14040,2011,4090,2009,4067,2,23,929,1668,1432,2814,4246,385,480,590,926,1741,4953,.492,.494,.087,.492,.557,.513,R,50
388,Scott Brooks\brooksc01,5-11,1989,1998,TOT,NBA,680,7,9237,1233,2738,946,1967,287,771,564,664,158,527,685,1608,480,30,451,828,3317,.450,.481,.372,.503,.849,.547,R,50
389,Greg Kite\kitegr01,6-11,1984,1995,TOT,NBA,680,225,10080,716,1634,715,1628,1,6,284,584,903,1704,2607,345,171,414,543,1589,1717,.438,.439,.167,.438,.486,.454,R,50
390,Jamaal Magloire\magloja01,6-11,2001,2012,TOT,NBA,680,314,14621,1763,3675,1763,3668,0,7,1391,2176,1418,2990,4408,386,224,603,998,1792,4917,.480,.481,.000,.480,.639,.531,R,50
391,Sidney Green\greensi02,6-9,1984,1993,TOT,NBA,679,242,13247,1993,4386,1992,4359,1,27,1093,1481,1300,2828,4128,635,369,223,1038,1797,5080,.454,.457,.037,.455,.738,.504,R,50
392,J.J. Barea\bareajo01,6-0,2007,2017,TOT,NBA,678,90,13155,2222,5252,1615,3522,607,1730,764,954,211,1156,1367,2409,264,18,979,991,5815,.423,.459,.351,.481,.801,.513,R,50
393,Terry Mills\millste01,6-10,1991,2001,TOT,NBA,678,303,16422,2847,6227,2314,4840,533,1387,948,1214,1029,2651,3680,891,397,296,851,1896,7175,.457,.478,.384,.500,.781,.531,R,50
394,Rony Seikaly\seikaro01,6-11,1989,1999,TOT,NBA,678,607,21395,3647,7540,3641,7508,6,32,2691,3961,2142,4282,6424,860,453,872,1913,2341,9991,.484,.485,.188,.484,.679,.538,R,50
395,Doug West\westdo01,6-6,1990,2001,TOT,NBA,676,379,16649,2631,5473,2594,5279,37,194,1178,1470,532,1138,1670,1292,459,189,823,1862,6477,.481,.491,.191,.484,.801,.529,R,50
396,Earl Cureton\curetea01,6-9,1981,1997,TOT,NBA,674,131,12420,1545,3263,1545,3247,0,16,530,985,1189,1983,3172,678,341,361,728,1535,3620,.473,.476,.000,.473,.538,.490,R,50
397,J.R. Reid\reidjr01,6-9,1990,2001,TOT,NBA,672,297,15370,2168,4594,2163,4557,5,37,1339,1869,1004,2377,3381,639,514,264,947,1977,5680,.472,.475,.135,.472,.716,.524,R,50
398,Rafer Alston\alstora01,6-2,2000,2010,TOT,NBA,671,452,19392,2450,6391,1454,3576,996,2815,903,1238,247,1644,1891,3202,813,105,1195,1408,6799,.383,.407,.354,.461,.729,.490,R,50
399,Keith Bogans\boganke01,6-5,2004,2014,TOT,NBA,671,333,14527,1482,3759,768,1739,714,2020,579,809,391,1426,1817,866,429,68,574,1223,4257,.394,.442,.353,.489,.716,.517,R,50
400,Adrian Dantley\dantlad01,6-5,1981,1991,TOT,NBA,671,546,23953,5943,10947,5936,10908,7,39,5080,6221,1377,2013,3390,2104,576,85,1887,1729,16973,.543,.544,.179,.543,.817,.620,R,50
1,Derek Fisher\fishede01,6-1,1997,2014,TOT,NBA,1287,731,32719,3720,9329,2472,5988,1248,3341,2025,2479,414,2244,2658,3804,1352,98,1473,2684,10713,.399,.413,.374,.466,.817,.514,L,10
2,Sam Perkins\perkisa01,6-9,1985,2001,TOT,NBA,1286,757,36598,5498,11984,4649,9636,849,2348,3479,4292,2324,5342,7666,1975,1105,933,1586,3177,15324,.459,.482,.362,.494,.811,.552,L,10
3,Michael Cage\cagemi01,6-9,1985,2000,TOT,NBA,1140,733,29716,3317,6445,3317,6420,0,25,1644,2476,3227,5419,8646,1057,1050,725,1161,2581,8278,.515,.517,.000,.515,.664,.549,L,10
4,Avery Johnson\johnsav01,5-10,1989,2004,TOT,NBA,1054,637,26615,3622,7564,3595,7378,27,186,1546,2190,379,1372,1751,5846,1007,154,1748,1659,8817,.479,.487,.145,.481,.706,.517,L,10
5,Zach Randolph\randoza01,6-9,2002,2017,TOT,NBA,1031,823,32468,6928,14674,6785,14125,143,549,3360,4397,3112,6489,9601,1881,779,288,2133,2470,17359,.472,.480,.260,.477,.764,.523,L,10
6,Tayshaun Prince\princta01,6-9,2003,2016,TOT,NBA,1017,902,31576,4583,10082,4014,8532,569,1550,1537,2033,1125,3207,4332,2406,571,500,1064,1251,11272,.455,.470,.367,.483,.756,.513,L,10
7,Stacey Augmon\augmost01,6-8,1992,2006,TOT,NBA,1001,472,21658,3037,6480,3025,6401,12,79,1904,2616,1304,1912,3216,1561,974,317,1248,1750,7990,.469,.473,.152,.470,.728,.524,L,10
8,David Robinson\robinda01,7-1,1990,2003,SAS,NBA,987,985,34271,7365,14221,7340,14121,25,100,6035,8201,3083,7414,10497,2441,1388,2954,2417,2835,20790,.518,.520,.250,.519,.736,.583,L,10
9,Chris Mullin\mullich01,6-6,1986,2001,TOT,NBA,986,822,32163,6740,13243,5925,11123,815,2120,3616,4178,1026,3008,4034,3450,1530,549,2315,2050,17911,.509,.533,.384,.540,.865,.594,L,10
10,Manu Ginobili\ginobma01,6-6,2003,2017,SAS,NBA,968,349,25112,4329,9659,2923,5870,1406,3789,3251,3933,653,2851,3504,3768,1319,300,1978,2042,13315,.448,.498,.371,.521,.827,.585,L,10
11,Lamar Odom\odomla01,6-10,2000,2013,TOT,NBA,961,684,32131,4811,10393,4147,8267,664,2126,2495,3599,1821,6238,8059,3554,848,892,2253,2916,12781,.463,.502,.312,.495,.693,.534,L,10
12,James Donaldson\donalja01,7-2,1981,1995,TOT,NBA,957,659,26222,3105,5442,3105,5442,0,0,1993,2722,2060,5432,7492,765,336,1267,1454,2025,8203,.571,.571,,.571,.732,.618,L,10
13,Jalen Rose\roseja01,6-8,1995,2007,TOT,NBA,923,572,27925,4852,10945,4106,8843,746,2102,2770,3457,491,2702,3193,3527,729,315,2102,2408,13220,.443,.464,.355,.477,.801,.530,L,10
14,Chris Bosh\boshch01,6-11,2004,2016,TOT,NBA,893,881,31936,6209,12581,5904,11671,305,910,4466,5591,1927,5665,7592,1795,730,932,1807,2159,17189,.494,.506,.335,.506,.799,.571,L,10
15,Josh Smith\smithjo03,6-9,2005,2016,TOT,NBA,891,772,28988,5088,11243,4638,9665,450,1578,2368,3748,1714,4935,6649,2789,1083,1713,2197,2458,12994,.453,.480,.285,.473,.632,.504,L,10
16,Anthony Mason\masonan01,6-7,1990,2003,TOT,NBA,882,559,30605,3583,7033,3581,7021,2,12,2488,3511,1912,5367,7279,2963,648,244,1549,2353,9656,.509,.510,.167,.510,.709,.563,L,10
18,Damon Stoudamire\stoudda01,5-10,1996,2008,TOT,NBA,878,793,29106,4329,10662,3093,7198,1236,3464,1869,2244,703,2336,3039,5371,953,81,2039,1705,11763,.406,.430,.357,.464,.833,.505,L,10
19,Mark Eaton\eatonma01,7-4,1983,1993,UTA,NBA,875,815,25169,2072,4526,2072,4524,0,2,1072,1653,1857,5082,6939,840,368,3064,1293,2955,5216,.458,.458,.000,.458,.649,.496,L,10
20,Rodney Rogers\rogerro01,6-7,1994,2005,TOT,NBA,866,347,21873,3608,7994,2918,6008,690,1986,1562,2264,1275,2606,3881,1722,868,451,1631,2678,9468,.451,.486,.347,.494,.690,.527,L,10
21,Kenny Anderson\anderke01,6-0,1992,2005,TOT,NBA,858,693,25868,4002,9512,3455,7932,547,1580,2238,2833,670,1971,2641,5196,1258,111,1769,1974,10789,.421,.436,.346,.449,.790,.501,L,10
22,Toni Kukoc\kukocto01,6-10,1994,2006,TOT,NBA,846,259,22212,3633,8127,2902,5943,731,2184,1813,2487,1016,2539,3555,3119,817,290,1544,1465,9810,.447,.488,.335,.492,.729,.532,L,10
23,Wayman Tisdale\tisdawa01,6-9,1986,1997,TOT,NBA,840,534,23868,5338,10575,5338,10554,0,21,2202,2897,1617,3500,5117,1077,464,500,1407,2801,12878,.505,.506,.000,.505,.760,.543,L,10
24,Anthony Peeler\peelean01,6-4,1993,2005,TOT,NBA,827,296,20464,3101,7255,2161,4810,940,2445,875,1095,564,1572,2136,1956,775,138,1019,1670,8017,.427,.449,.384,.492,.799,.518,L,10
25,Calbert Cheaney\cheanca01,6-7,1994,2006,TOT,NBA,825,498,22007,3366,7227,3162,6543,204,684,890,1288,732,1878,2610,1398,659,198,994,2074,7826,.466,.483,.298,.480,.691,.502,L,10
26,Beno Udrih\udrihbe01,6-3,2005,2017,TOT,NBA,822,272,18045,2716,5875,2252,4545,464,1330,999,1201,307,1386,1693,2818,570,71,1167,1266,6895,.462,.495,.349,.502,.832,.538,L,10
27,David Lee\leeda02,6-9,2006,2017,TOT,NBA,801,502,23759,4497,8413,4496,8384,1,29,2031,2630,2089,5068,7157,1785,616,310,1422,2126,11026,.535,.536,.034,.535,.772,.576,L,10
28,Derrick Coleman\colemde01,6-10,1991,2005,TOT,NBA,781,672,25903,4616,10335,4290,9230,326,1105,3326,4326,2079,5153,7232,1985,606,1051,2036,2062,12884,.447,.465,.295,.462,.769,.526,L,10
29,Greg Anthony\anthogr01,6-0,1992,2002,TOT,NBA,757,227,15850,1914,4750,1304,3002,610,1748,1059,1445,271,1146,1417,2997,887,79,1043,1324,5497,.403,.434,.349,.467,.733,.510,L,10
30,Cuttino Mobley\moblecu01,6-4,1999,2009,TOT,NBA,747,581,27618,4319,9979,3234,7112,1085,2867,2241,2684,543,2359,2902,2015,878,313,1520,1710,11964,.433,.455,.378,.487,.835,.536,L,10
31,Troy Murphy\murphtr01,6-11,2002,2013,TOT,NBA,729,482,19921,2848,6400,2235,4822,613,1578,1551,1977,1373,4335,5708,1088,478,294,886,1890,7860,.445,.464,.388,.493,.785,.541,L,10
32,Aaron Williams\williaa01,6-9,1994,2008,TOT,NBA,715,78,12000,1572,3190,1571,3174,1,16,975,1318,1016,1774,2790,485,282,539,663,1750,4120,.493,.495,.063,.493,.740,.546,L,10
33,Thaddeus Young\youngth01,6-8,2008,2017,TOT,NBA,714,484,21881,4206,8433,3909,7530,297,903,1106,1618,1404,2812,4216,1093,1034,290,1044,1573,9815,.499,.519,.329,.516,.684,.537,L,10
34,Morris Peterson\petermo01,6-7,2001,2011,TOT,NBA,711,488,19366,2747,6567,1738,3865,1009,2702,1125,1456,569,1914,2483,1090,639,136,716,1606,7628,.418,.450,.373,.495,.773,.529,L,10
35,Othella Harrington\harriot01,6-9,1997,2008,TOT,NBA,709,263,13924,2021,4001,2021,3990,0,11,1170,1585,1087,2043,3130,443,185,286,948,1868,5212,.505,.507,.000,.505,.738,.555,L,10
36,Travis Best\besttr01,5-11,1996,2005,TOT,NBA,708,148,15150,2002,4642,1736,3870,266,772,1106,1324,230,1019,1249,2444,661,60,928,1616,5376,.431,.449,.345,.460,.835,.514,L,10
37,Chris Gatling\gatlich01,6-10,1992,2002,TOT,NBA,700,86,13760,2804,5469,2754,5268,50,201,1574,2386,1248,2493,3741,461,464,375,1069,1870,7232,.513,.523,.249,.517,.660,.555,L,10
38,C.J. Miles\milescj01,6-6,2006,2017,TOT,NBA,685,282,14208,2416,5794,1475,3166,941,2628,916,1142,313,1348,1661,791,509,209,634,1507,6689,.417,.466,.358,.498,.802,.531,L,10
39,Mike Conley\conlemi01,6-1,2008,2017,MEM,NBA,680,650,22092,3434,7799,2598,5581,836,2218,1752,2158,291,1684,1975,3845,1020,132,1380,1349,9456,.440,.466,.377,.494,.812,.540,L,10
40,Brad Lohaus\lohaubr01,6-11,1988,1998,TOT,NBA,656,116,10378,1542,3507,1150,2421,392,1086,378,516,483,1386,1869,714,307,503,555,1300,3854,.440,.475,.361,.496,.733,.516,L,10
41,DeAndre Jordan\jordade01,6-11,2009,2017,LAC,NBA,645,533,17714,2331,3464,2330,3454,1,10,1112,2587,1996,4431,6427,406,387,1165,810,1742,5775,.673,.675,.100,.673,.430,.627,L,10
42,Michael Redd\reddmi01,6-6,2001,2012,TOT,NBA,629,429,20104,4207,9405,3162,6654,1045,2751,2513,2998,622,1789,2411,1338,579,66,963,1002,11972,.447,.475,.380,.503,.838,.558,L,10
43,Goran Dragic\dragigo01,6-3,2009,2017,TOT,NBA,619,383,16948,2977,6307,2318,4496,659,1811,1436,1910,459,1336,1795,2985,635,118,1397,1438,8049,.472,.516,.364,.524,.752,.563,L,10
44,Artis Gilmore\gilmoar01,7-2,1981,1988,TOT,NBA,615,476,18908,3400,5396,3399,5383,1,13,2577,3582,1607,3938,5545,908,305,1148,1538,2012,9378,.630,.631,.077,.630,.719,.673,L,10
45,Jeff Turner\turneje01,6-9,1985,1996,TOT,NBA,612,235,11244,1543,3304,1470,3092,73,212,538,700,621,1415,2036,635,215,85,687,1758,3697,.467,.475,.344,.478,.769,.512,L,10
46,John Lucas\lucasjo01,6-3,1981,1990,TOT,NBA,602,266,14234,2187,4959,1955,4195,232,764,1083,1415,258,952,1210,3859,698,33,1151,884,5689,.441,.466,.304,.464,.765,.510,L,10
47,James Harden\hardeja01,6-5,2010,2017,TOT,NBA,589,376,19754,3787,8558,2497,5020,1290,3538,3985,4663,444,2440,2884,3246,867,262,1921,1494,12849,.443,.497,.365,.518,.855,.606,L,10
48,Raef LaFrentz\lafrera01,6-11,1999,2008,TOT,NBA,563,438,14545,2227,4781,1749,3466,478,1315,758,1066,994,2429,3423,606,276,919,511,1863,5690,.466,.505,.363,.516,.711,.542,L,10
49,Elliot Perry\perryel01,6-0,1992,2002,TOT,NBA,549,133,9501,1353,2945,1215,2561,138,384,605,773,185,557,742,1699,574,20,780,707,3449,.459,.474,.359,.483,.783,.525,L,10
50,Johnny Dawkins\dawkijo01,6-2,1987,1995,TOT,NBA,541,303,14859,2361,5175,2181,4630,180,545,1082,1262,333,1003,1336,2997,618,29,1108,837,5984,.456,.471,.330,.474,.857,.522,L,10
51,Andris Biedrins\biedran01,6-11,2005,2014,TOT,NBA,516,311,11146,1432,2409,1432,2407,0,2,383,766,1190,2441,3631,467,331,580,479,1626,3247,.594,.595,.000,.594,.500,.591,L,10
52,Brandon Jennings\jennibr01,6-1,2010,2017,TOT,NBA,514,426,16182,2689,6898,1798,4345,891,2553,1361,1711,314,1260,1574,2977,656,94,1161,946,7630,.390,.414,.349,.454,.795,.499,L,10
53,Darrick Martin\martida01,5-11,1995,2008,TOT,NBA,514,178,9165,1186,3108,836,2078,350,1030,803,952,101,487,588,1475,340,22,631,894,3525,.382,.402,.340,.438,.843,.500,L,10
54,Greg Monroe\monrogr01,6-11,2011,2017,TOT,NBA,507,401,15199,2860,5619,2860,5609,0,10,1450,2065,1526,2983,4509,1133,584,318,997,1172,7170,.509,.510,.000,.509,.702,.549,L,10
55,Erick Strickland\stricer01,6-3,1997,2005,TOT,NBA,501,122,10189,1333,3400,929,2249,404,1151,710,860,224,1093,1317,1203,422,41,668,959,3780,.392,.413,.351,.451,.826,.500,L,10
56,Michael Beasley\beaslmi01,6-9,2009,2017,TOT,NBA,496,200,11727,2538,5569,2288,4848,250,721,932,1233,543,1802,2345,627,292,253,842,1084,6258,.456,.472,.347,.478,.756,.512,L,10
57,Terry Davis\daviste01,6-9,1990,2001,TOT,NBA,480,275,10369,1202,2545,1199,2526,3,19,654,1081,1106,1781,2887,273,183,149,518,1176,3061,.472,.475,.158,.473,.605,.507,L,10
58,Joel Anthony\anthojo01,6-9,2008,2017,TOT,NBA,478,110,6983,393,768,393,768,0,0,265,399,559,777,1336,97,126,526,224,812,1051,.512,.512,,.512,.664,.557,L,10
59,Ed Davis\davised01,6-10,2011,2017,TOT,NBA,478,93,9976,1356,2412,1356,2411,0,1,543,950,1085,1954,3039,396,255,449,374,1175,3255,.562,.562,.000,.562,.572,.575,L,10
60,John Crotty\crottjo01,6-1,1993,2003,TOT,NBA,477,6,5795,625,1449,481,1074,144,375,509,608,136,366,502,999,181,20,428,597,1903,.431,.448,.384,.481,.837,.554,L,10
61,Adrian Griffin\griffad01,6-5,2000,2008,TOT,NBA,477,179,7997,785,1794,735,1614,50,180,299,392,507,1005,1512,653,436,59,331,879,1919,.438,.455,.278,.452,.763,.488,L,10
62,Darko Milicic\milicda01,7-0,2004,2013,TOT,NBA,468,208,8638,1196,2602,1196,2596,0,6,421,734,628,1343,1971,405,206,613,573,1065,2813,.460,.461,.000,.460,.574,.481,L,10
63,Michael Smith\smithmi02,6-8,1995,2001,TOT,NBA,449,170,10552,950,1767,949,1760,1,7,626,1183,1122,2071,3193,661,361,248,526,1137,2527,.538,.539,.143,.538,.529,.552,L,10
64,Moochie Norris\norrimo01,6-1,1997,2006,TOT,NBA,445,35,7640,816,2033,700,1627,116,406,524,708,209,659,868,1233,321,19,524,484,2272,.401,.430,.286,.430,.740,.485,L,10
65,Trevor Booker\booketr01,6-8,2011,2017,TOT,NBA,441,155,9220,1272,2467,1215,2279,57,188,423,681,872,1588,2460,454,315,250,441,899,3024,.516,.533,.303,.527,.621,.547,L,10
66,Stacey King\kingst01,6-11,1990,1997,TOT,NBA,438,63,7406,1071,2240,1067,2223,4,17,673,952,597,863,1460,387,173,210,527,906,2819,.478,.480,.235,.479,.707,.530,L,10
67,Delonte West\westde01,6-4,2005,2012,TOT,NBA,432,258,11842,1601,3571,1225,2559,376,1012,620,751,213,1052,1265,1540,465,179,702,828,4198,.448,.479,.372,.501,.826,.538,L,10
68,Josh McRoberts\mcrobjo01,6-10,2008,2017,TOT,NBA,431,179,8265,914,1971,718,1396,196,575,309,438,468,1218,1686,901,222,194,381,815,2333,.464,.514,.341,.513,.705,.539,L,10
69,Bison Dele\delebi01,6-9,1992,1999,TOT,NBA,413,204,10004,1847,3499,1845,3485,2,14,840,1215,853,1711,2564,440,320,355,822,1297,4536,.528,.529,.143,.528,.691,.562,L,10
70,Isaiah Thomas\thomais02,5-9,2012,2017,TOT,NBA,413,281,12299,2490,5633,1715,3517,775,2116,1912,2188,231,835,1066,2135,401,38,948,894,7667,.442,.488,.366,.511,.874,.581,L,10
71,Tom McMillen\mcmilto01,6-11,1981,1986,TOT,NBA,400,54,8424,1347,2781,1344,2757,3,24,631,781,427,943,1370,437,96,117,433,920,3328,.484,.487,.125,.485,.808,.533,L,10
72,Brandan Wright\wrighbr03,6-10,2008,2017,TOT,NBA,377,56,6186,1141,1883,1141,1871,0,12,392,582,532,871,1403,171,176,383,185,508,2674,.606,.610,.000,.606,.674,.625,L,10
73,Calvin Booth\boothca01,6-11,2000,2009,TOT,NBA,366,83,4477,472,1047,470,1038,2,9,244,326,316,694,1010,151,101,358,180,678,1190,.451,.453,.222,.452,.748,.500,L,10
74,Sarunas Marciulionis\marcisa01,6-5,1990,1997,TOT,NBA,363,30,8123,1571,3109,1444,2765,127,344,1362,1773,292,527,819,807,459,31,715,971,4631,.505,.522,.369,.526,.768,.595,L,10
75,Keon Clark\clarkke01,6-11,1999,2004,TOT,NBA,353,65,7971,1179,2359,1178,2340,1,19,523,811,655,1441,2096,322,184,571,470,1013,2882,.500,.503,.053,.500,.645,.531,L,10
76,Kareem Rush\rushka01,6-6,2003,2010,TOT,NBA,346,78,5956,876,2189,588,1384,288,805,173,246,104,468,572,353,150,74,298,459,2213,.400,.425,.358,.466,.703,.482,L,10
77,Rick Brunson\brunsri01,6-4,1998,2006,TOT,NBA,337,51,4533,397,1050,297,774,100,276,196,283,85,362,447,876,201,21,356,362,1090,.378,.384,.362,.426,.693,.464,L,10
78,Rex Walters\waltere01,6-4,1994,2000,TOT,NBA,335,67,4602,572,1296,385,778,187,518,216,267,81,322,403,569,129,30,291,439,1547,.441,.495,.361,.514,.809,.547,L,10
79,Lionel Hollins\hollili01,6-3,1981,1985,TOT,NBA,331,195,8421,1293,2813,1283,2746,10,67,505,687,149,552,701,1520,409,63,745,771,3101,.460,.467,.149,.461,.735,.498,L,10
80,Kent Bazemore\bazemke01,6-5,2013,2017,TOT,NBA,329,141,5980,860,2036,586,1249,274,787,357,516,94,803,897,493,278,119,394,543,2351,.422,.469,.348,.490,.692,.519,L,10
81,Kevin Grevey\greveke01,6-5,1981,1985,TOT,NBA,329,82,7641,1358,3073,1247,2731,111,342,626,743,199,448,647,667,187,53,367,553,3453,.442,.457,.325,.460,.843,.508,L,10
82,Mike Holton\holtomi01,6-4,1985,1990,TOT,NBA,325,122,5836,796,1805,768,1696,28,109,396,491,131,328,459,977,208,30,409,577,2016,.441,.453,.257,.449,.807,.499,L,10
83,Lawrence Funderburke\fundela01,6-9,1998,2005,TOT,NBA,318,7,4726,812,1606,810,1589,2,17,405,600,447,695,1142,183,94,100,225,360,2031,.506,.510,.118,.506,.675,.543,L,10
84,Lee Nailon\nailole01,6-9,2001,2006,TOT,NBA,306,96,5820,1121,2366,1120,2357,1,9,379,482,379,557,936,298,133,53,320,596,2622,.474,.475,.111,.474,.786,.509,L,10
85,Mark McNamara\mcnamma01,6-11,1983,1991,TOT,NBA,278,25,2707,362,707,362,707,0,0,256,467,345,482,827,77,35,39,223,374,980,.512,.512,,.512,.548,.537,L,10
86,Tiny Archibald\architi01,6-1,1981,1984,TOT,NBA,260,188,7836,1061,2250,1046,2183,15,67,862,1132,102,357,459,1728,198,25,684,520,2999,.472,.479,.224,.475,.761,.546,L,10
87,Bob Lanier\laniebo01,6-11,1981,1984,MIL,NBA,252,179,6724,1338,2462,1337,2455,1,7,675,926,419,1037,1456,689,237,212,550,748,3352,.543,.545,.143,.544,.729,.584,L,10
88,Anthony Randolph\randoan01,6-10,2009,2014,TOT,NBA,252,43,3841,677,1494,657,1411,20,83,415,561,335,743,1078,187,150,224,298,456,1789,.453,.466,.241,.460,.740,.514,L,10
89,Joe Bryant\bryanjo01,6-9,1981,1983,TOT,NBA,238,105,6402,1064,2260,1046,2179,18,81,503,656,313,678,991,564,232,93,536,772,2649,.471,.480,.222,.475,.767,.520,L,10
90,Donatas Motiejunas\motiedo01,7-0,2013,2017,TOT,NBA,230,101,4312,700,1474,582,1095,118,379,234,387,282,615,897,258,109,76,269,507,1752,.475,.532,.311,.515,.605,.533,L,10
91,Terrence Jones\joneste01,6-9,2013,2017,TOT,NBA,229,118,5551,984,1960,891,1649,93,311,368,592,395,932,1327,237,145,269,218,391,2429,.502,.540,.299,.526,.622,.547,L,10
92,Todd Fuller\fulleto02,6-11,1997,2001,TOT,NBA,225,23,2500,317,752,317,748,0,4,201,301,240,434,674,46,34,60,146,351,835,.422,.424,.000,.422,.668,.472,L,10
93,Joe Ingles\inglejo01,6-8,2015,2017,UTA,NBA,213,45,4043,385,890,165,325,220,565,77,101,51,419,470,399,186,18,219,324,1067,.433,.508,.389,.556,.762,.571,L,10
94,Shabazz Muhammad\muhamsh01,6-6,2014,2017,MIN,NBA,206,13,3806,734,1557,626,1252,108,305,400,534,238,380,618,124,63,19,155,226,1976,.471,.500,.354,.506,.749,.551,L,10
95,Walter Berry\berrywa01,6-8,1987,1989,TOT,NBA,205,132,4863,1201,2227,1200,2222,1,5,479,751,398,573,971,292,122,151,404,586,2882,.539,.540,.200,.540,.638,.563,L,10
96,Donnell Harvey\harvedo01,6-8,2001,2005,TOT,NBA,205,39,3318,453,985,452,975,1,10,243,369,261,566,827,161,97,80,209,464,1150,.460,.464,.100,.460,.659,.501,L,10
97,Steve Mix\mixst01,6-7,1981,1983,TOT,NBA,205,20,3371,627,1257,625,1246,2,11,411,500,235,391,626,277,134,38,200,264,1667,.499,.502,.182,.500,.822,.564,L,10
98,Reggie Williams\willire02,6-6,2010,2017,TOT,NBA,205,32,3720,598,1310,399,766,199,544,201,268,105,388,493,301,88,13,142,241,1596,.456,.521,.366,.532,.750,.559,L,10
99,Marcus Williams\willima03,6-3,2007,2010,TOT,NBA,203,10,3095,427,1107,301,715,126,392,148,193,56,305,361,574,87,7,295,197,1128,.386,.421,.321,.443,.767,.473,L,10
100,Allan Bristow\bristal01,6-7,1981,1983,TOT,NBA,201,54,4407,533,1209,519,1160,14,49,310,376,246,582,828,901,134,10,367,458,1390,.441,.447,.286,.447,.824,.506,L,10
101,Harold Miner\minerha01,6-5,1993,1996,TOT,NBA,200,47,3748,692,1504,669,1430,23,74,394,502,191,241,432,245,80,27,278,370,1801,.460,.468,.311,.468,.785,.522,L,10
102,Adrian Caldwell\caldwad01,6-8,1990,1998,TOT,NBA,197,1,1603,164,338,164,335,0,3,62,137,180,316,496,33,56,41,126,270,390,.485,.490,.000,.485,.453,.490,L,10
103,Dave Robisch\robisda01,6-10,1981,1984,TOT,NBA,188,0,3424,509,1193,509,1192,0,1,362,446,220,551,771,278,53,49,153,299,1380,.427,.427,.000,.427,.812,.497,L,10
104,Reggie Jordan\jordare01,6-4,1994,2000,TOT,NBA,186,2,1662,182,420,180,414,2,6,134,229,180,163,343,190,92,31,104,201,500,.433,.435,.333,.436,.585,.480,L,10
105,Xavier Henry\henryxa01,6-6,2011,2015,TOT,NBA,185,23,2905,368,907,327,781,41,126,273,430,81,270,351,120,100,23,139,264,1050,.406,.419,.325,.428,.635,.479,L,10
106,Bob McCann\mccanbo01,6-6,1990,1998,TOT,NBA,178,7,2385,296,618,295,613,1,5,146,253,154,314,468,104,80,79,134,349,739,.479,.481,.200,.480,.577,.507,L,10
107,Steve Scheffler\schefst01,6-9,1991,1997,TOT,NBA,174,8,918,121,217,120,212,1,5,88,116,81,99,180,26,30,8,34,131,331,.558,.566,.200,.560,.759,.617,L,10
108,Derrick Brown\brownde04,6-7,2010,2012,TOT,NBA,171,18,2554,354,687,341,646,13,41,174,273,167,246,413,119,89,32,109,208,895,.515,.528,.317,.525,.637,.554,L,10
109,Rodney Hood\hoodro01,6-8,2015,2017,UTA,NBA,169,140,4750,766,1829,461,986,305,843,291,357,58,470,528,370,126,36,217,412,2128,.419,.468,.362,.502,.815,.536,L,10
110,Brooks Thompson\thompbr01,6-4,1995,1998,TOT,NBA,168,8,1714,278,679,129,283,149,396,55,85,30,128,158,281,87,5,154,229,760,.409,.456,.376,.519,.647,.530,L,10
111,Kendall Marshall\marshke01,6-4,2013,2016,TOT,NBA,160,57,3083,315,789,187,443,128,346,44,72,23,230,253,779,107,10,285,180,802,.399,.422,.370,.480,.611,.489,L,10
112,Elmore Spencer\spencel01,7-0,1993,1997,TOT,NBA,157,75,2641,389,754,389,751,0,3,145,250,127,428,555,109,53,170,249,336,923,.516,.518,.000,.516,.580,.534,L,10
113,Salim Stoudamire\stoudsa01,6-1,2006,2008,ATL,NBA,157,1,2672,446,1097,279,641,167,456,201,228,22,192,214,164,55,10,158,240,1260,.407,.435,.366,.483,.882,.526,L,10
114,Carl Nicks\nicksca01,6-1,1981,1983,TOT,NBA,156,3,2579,450,973,450,963,0,10,167,293,112,185,297,249,132,7,228,342,1067,.462,.467,.000,.462,.570,.484,L,10
115,Jason Collier\collija02,7-0,2001,2005,TOT,NBA,151,65,2178,338,743,331,723,7,20,158,214,175,268,443,51,36,32,120,295,841,.455,.458,.350,.460,.738,.502,L,10
